Number;DepartureTime;DayOfWeek;From;To;Type
339;19.03.16 5:25;ПН,ВТ,СР,ЧТ,ПТ,СБ,ВС;Одинцово;Парк Победы;Bus
339;19.03.16 5:35;ПН,ВТ,СР,ЧТ,ПТ,СБ,ВС;Одинцово;Парк Победы;Bus
339;19.03.16 5:45;ПН,ВТ,СР,ЧТ,ПТ,СБ,ВС;Одинцово;Парк Победы;Bus
339;19.03.16 5:55;ПН,ВТ,СР,ЧТ,ПТ,СБ,ВС;Одинцово;Парк Победы;Bus
339;19.03.16 6:05;ПН,ВТ,СР,ЧТ,ПТ,СБ,ВС;Одинцово;Парк Победы;Bus
339;19.03.16 6:15;ПН,ВТ,СР,ЧТ,ПТ,СБ,ВС;Одинцово;Парк Победы;Bus
339;19.03.16 6:25;ПН,ВТ,СР,ЧТ,ПТ,СБ,ВС;Одинцово;Парк Победы;Bus
339;19.03.16 6:35;ПН,ВТ,СР,ЧТ,ПТ,СБ,ВС;Одинцово;Парк Победы;Bus
339;19.03.16 6:45;ПН,ВТ,СР,ЧТ,ПТ,СБ,ВС;Одинцово;Парк Победы;Bus
339;19.03.16 6:55;ПН,ВТ,СР,ЧТ,ПТ,СБ,ВС;Одинцово;Парк Победы;Bus
339;19.03.16 7:05;ПН,ВТ,СР,ЧТ,ПТ,СБ,ВС;Одинцово;Парк Победы;Bus
339;19.03.16 7:15;ПН,ВТ,СР,ЧТ,ПТ,СБ,ВС;Одинцово;Парк Победы;Bus
339;19.03.16 7:25;ПН,ВТ,СР,ЧТ,ПТ,СБ,ВС;Одинцово;Парк Победы;Bus
339;19.03.16 7:35;ПН,ВТ,СР,ЧТ,ПТ,СБ,ВС;Одинцово;Парк Победы;Bus
339;19.03.16 7:45;ПН,ВТ,СР,ЧТ,ПТ,СБ,ВС;Одинцово;Парк Победы;Bus
339;19.03.16 7:55;ПН,ВТ,СР,ЧТ,ПТ,СБ,ВС;Одинцово;Парк Победы;Bus
339;19.03.16 8:05;ПН,ВТ,СР,ЧТ,ПТ,СБ,ВС;Одинцово;Парк Победы;Bus
339;19.03.16 8:15;ПН,ВТ,СР,ЧТ,ПТ,СБ,ВС;Одинцово;Парк Победы;Bus
339;19.03.16 8:25;ПН,ВТ,СР,ЧТ,ПТ,СБ,ВС;Одинцово;Парк Победы;Bus
339;19.03.16 8:35;ПН,ВТ,СР,ЧТ,ПТ,СБ,ВС;Одинцово;Парк Победы;Bus
339;19.03.16 8:45;ПН,ВТ,СР,ЧТ,ПТ,СБ,ВС;Одинцово;Парк Победы;Bus
339;19.03.16 8:55;ПН,ВТ,СР,ЧТ,ПТ,СБ,ВС;Одинцово;Парк Победы;Bus
339;19.03.16 9:05;ПН,ВТ,СР,ЧТ,ПТ,СБ,ВС;Одинцово;Парк Победы;Bus
339;19.03.16 9:15;ПН,ВТ,СР,ЧТ,ПТ,СБ,ВС;Одинцово;Парк Победы;Bus
339;19.03.16 9:25;ПН,ВТ,СР,ЧТ,ПТ,СБ,ВС;Одинцово;Парк Победы;Bus
339;19.03.16 9:35;ПН,ВТ,СР,ЧТ,ПТ,СБ,ВС;Одинцово;Парк Победы;Bus
339;19.03.16 9:45;ПН,ВТ,СР,ЧТ,ПТ,СБ,ВС;Одинцово;Парк Победы;Bus
339;19.03.16 9:55;ПН,ВТ,СР,ЧТ,ПТ,СБ,ВС;Одинцово;Парк Победы;Bus
339;19.03.16 10:05;ПН,ВТ,СР,ЧТ,ПТ,СБ,ВС;Одинцово;Парк Победы;Bus
339;19.03.16 10:15;ПН,ВТ,СР,ЧТ,ПТ,СБ,ВС;Одинцово;Парк Победы;Bus
339;19.03.16 10:25;ПН,ВТ,СР,ЧТ,ПТ,СБ,ВС;Одинцово;Парк Победы;Bus
339;19.03.16 10:35;ПН,ВТ,СР,ЧТ,ПТ,СБ,ВС;Одинцово;Парк Победы;Bus
339;19.03.16 10:45;ПН,ВТ,СР,ЧТ,ПТ,СБ,ВС;Одинцово;Парк Победы;Bus
339;19.03.16 10:55;ПН,ВТ,СР,ЧТ,ПТ,СБ,ВС;Одинцово;Парк Победы;Bus
339;19.03.16 11:05;ПН,ВТ,СР,ЧТ,ПТ,СБ,ВС;Одинцово;Парк Победы;Bus
339;19.03.16 11:15;ПН,ВТ,СР,ЧТ,ПТ,СБ,ВС;Одинцово;Парк Победы;Bus
339;19.03.16 11:25;ПН,ВТ,СР,ЧТ,ПТ,СБ,ВС;Одинцово;Парк Победы;Bus
339;19.03.16 11:35;ПН,ВТ,СР,ЧТ,ПТ,СБ,ВС;Одинцово;Парк Победы;Bus
339;19.03.16 11:45;ПН,ВТ,СР,ЧТ,ПТ,СБ,ВС;Одинцово;Парк Победы;Bus
339;19.03.16 11:55;ПН,ВТ,СР,ЧТ,ПТ,СБ,ВС;Одинцово;Парк Победы;Bus
339;19.03.16 12:05;ПН,ВТ,СР,ЧТ,ПТ,СБ,ВС;Одинцово;Парк Победы;Bus
339;19.03.16 12:15;ПН,ВТ,СР,ЧТ,ПТ,СБ,ВС;Одинцово;Парк Победы;Bus
339;19.03.16 12:25;ПН,ВТ,СР,ЧТ,ПТ,СБ,ВС;Одинцово;Парк Победы;Bus
339;19.03.16 12:35;ПН,ВТ,СР,ЧТ,ПТ,СБ,ВС;Одинцово;Парк Победы;Bus
339;19.03.16 12:45;ПН,ВТ,СР,ЧТ,ПТ,СБ,ВС;Одинцово;Парк Победы;Bus
339;19.03.16 12:55;ПН,ВТ,СР,ЧТ,ПТ,СБ,ВС;Одинцово;Парк Победы;Bus
339;19.03.16 13:05;ПН,ВТ,СР,ЧТ,ПТ,СБ,ВС;Одинцово;Парк Победы;Bus
339;19.03.16 13:15;ПН,ВТ,СР,ЧТ,ПТ,СБ,ВС;Одинцово;Парк Победы;Bus
339;19.03.16 13:25;ПН,ВТ,СР,ЧТ,ПТ,СБ,ВС;Одинцово;Парк Победы;Bus
339;19.03.16 13:35;ПН,ВТ,СР,ЧТ,ПТ,СБ,ВС;Одинцово;Парк Победы;Bus
339;19.03.16 13:45;ПН,ВТ,СР,ЧТ,ПТ,СБ,ВС;Одинцово;Парк Победы;Bus
339;19.03.16 13:55;ПН,ВТ,СР,ЧТ,ПТ,СБ,ВС;Одинцово;Парк Победы;Bus
339;19.03.16 14:05;ПН,ВТ,СР,ЧТ,ПТ,СБ,ВС;Одинцово;Парк Победы;Bus
339;19.03.16 14:15;ПН,ВТ,СР,ЧТ,ПТ,СБ,ВС;Одинцово;Парк Победы;Bus
339;19.03.16 14:25;ПН,ВТ,СР,ЧТ,ПТ,СБ,ВС;Одинцово;Парк Победы;Bus
339;19.03.16 14:35;ПН,ВТ,СР,ЧТ,ПТ,СБ,ВС;Одинцово;Парк Победы;Bus
339;19.03.16 14:45;ПН,ВТ,СР,ЧТ,ПТ,СБ,ВС;Одинцово;Парк Победы;Bus
339;19.03.16 14:55;ПН,ВТ,СР,ЧТ,ПТ,СБ,ВС;Одинцово;Парк Победы;Bus
339;19.03.16 15:05;ПН,ВТ,СР,ЧТ,ПТ,СБ,ВС;Одинцово;Парк Победы;Bus
339;19.03.16 15:15;ПН,ВТ,СР,ЧТ,ПТ,СБ,ВС;Одинцово;Парк Победы;Bus
339;19.03.16 15:25;ПН,ВТ,СР,ЧТ,ПТ,СБ,ВС;Одинцово;Парк Победы;Bus
339;19.03.16 15:35;ПН,ВТ,СР,ЧТ,ПТ,СБ,ВС;Одинцово;Парк Победы;Bus
339;19.03.16 15:45;ПН,ВТ,СР,ЧТ,ПТ,СБ,ВС;Одинцово;Парк Победы;Bus
339;19.03.16 15:55;ПН,ВТ,СР,ЧТ,ПТ,СБ,ВС;Одинцово;Парк Победы;Bus
339;19.03.16 16:05;ПН,ВТ,СР,ЧТ,ПТ,СБ,ВС;Одинцово;Парк Победы;Bus
339;19.03.16 16:15;ПН,ВТ,СР,ЧТ,ПТ,СБ,ВС;Одинцово;Парк Победы;Bus
339;19.03.16 16:25;ПН,ВТ,СР,ЧТ,ПТ,СБ,ВС;Одинцово;Парк Победы;Bus
339;19.03.16 16:35;ПН,ВТ,СР,ЧТ,ПТ,СБ,ВС;Одинцово;Парк Победы;Bus
339;19.03.16 16:45;ПН,ВТ,СР,ЧТ,ПТ,СБ,ВС;Одинцово;Парк Победы;Bus
339;19.03.16 16:55;ПН,ВТ,СР,ЧТ,ПТ,СБ,ВС;Одинцово;Парк Победы;Bus
339;19.03.16 17:05;ПН,ВТ,СР,ЧТ,ПТ,СБ,ВС;Одинцово;Парк Победы;Bus
339;19.03.16 17:15;ПН,ВТ,СР,ЧТ,ПТ,СБ,ВС;Одинцово;Парк Победы;Bus
339;19.03.16 17:25;ПН,ВТ,СР,ЧТ,ПТ,СБ,ВС;Одинцово;Парк Победы;Bus
339;19.03.16 17:35;ПН,ВТ,СР,ЧТ,ПТ,СБ,ВС;Одинцово;Парк Победы;Bus
339;19.03.16 17:45;ПН,ВТ,СР,ЧТ,ПТ,СБ,ВС;Одинцово;Парк Победы;Bus
339;19.03.16 17:55;ПН,ВТ,СР,ЧТ,ПТ,СБ,ВС;Одинцово;Парк Победы;Bus
339;19.03.16 18:05;ПН,ВТ,СР,ЧТ,ПТ,СБ,ВС;Одинцово;Парк Победы;Bus
339;19.03.16 18:15;ПН,ВТ,СР,ЧТ,ПТ,СБ,ВС;Одинцово;Парк Победы;Bus
339;19.03.16 18:25;ПН,ВТ,СР,ЧТ,ПТ,СБ,ВС;Одинцово;Парк Победы;Bus
339;19.03.16 18:35;ПН,ВТ,СР,ЧТ,ПТ,СБ,ВС;Одинцово;Парк Победы;Bus
339;19.03.16 18:45;ПН,ВТ,СР,ЧТ,ПТ,СБ,ВС;Одинцово;Парк Победы;Bus
339;19.03.16 18:55;ПН,ВТ,СР,ЧТ,ПТ,СБ,ВС;Одинцово;Парк Победы;Bus
339;19.03.16 19:05;ПН,ВТ,СР,ЧТ,ПТ,СБ,ВС;Одинцово;Парк Победы;Bus
339;19.03.16 19:15;ПН,ВТ,СР,ЧТ,ПТ,СБ,ВС;Одинцово;Парк Победы;Bus
339;19.03.16 19:25;ПН,ВТ,СР,ЧТ,ПТ,СБ,ВС;Одинцово;Парк Победы;Bus
339;19.03.16 19:35;ПН,ВТ,СР,ЧТ,ПТ,СБ,ВС;Одинцово;Парк Победы;Bus
339;19.03.16 19:45;ПН,ВТ,СР,ЧТ,ПТ,СБ,ВС;Одинцово;Парк Победы;Bus
339;19.03.16 19:55;ПН,ВТ,СР,ЧТ,ПТ,СБ,ВС;Одинцово;Парк Победы;Bus
339;19.03.16 20:05;ПН,ВТ,СР,ЧТ,ПТ,СБ,ВС;Одинцово;Парк Победы;Bus
339;19.03.16 20:15;ПН,ВТ,СР,ЧТ,ПТ,СБ,ВС;Одинцово;Парк Победы;Bus
339;19.03.16 20:25;ПН,ВТ,СР,ЧТ,ПТ,СБ,ВС;Одинцово;Парк Победы;Bus
339;19.03.16 20:35;ПН,ВТ,СР,ЧТ,ПТ,СБ,ВС;Одинцово;Парк Победы;Bus
339;19.03.16 20:45;ПН,ВТ,СР,ЧТ,ПТ,СБ,ВС;Одинцово;Парк Победы;Bus
339;19.03.16 20:55;ПН,ВТ,СР,ЧТ,ПТ,СБ,ВС;Одинцово;Парк Победы;Bus
339;19.03.16 21:05;ПН,ВТ,СР,ЧТ,ПТ,СБ,ВС;Одинцово;Парк Победы;Bus
339;19.03.16 21:15;ПН,ВТ,СР,ЧТ,ПТ,СБ,ВС;Одинцово;Парк Победы;Bus
339;19.03.16 21:25;ПН,ВТ,СР,ЧТ,ПТ,СБ,ВС;Одинцово;Парк Победы;Bus
339;19.03.16 21:35;ПН,ВТ,СР,ЧТ,ПТ,СБ,ВС;Одинцово;Парк Победы;Bus
339;19.03.16 21:45;ПН,ВТ,СР,ЧТ,ПТ,СБ,ВС;Одинцово;Парк Победы;Bus
339;19.03.16 21:55;ПН,ВТ,СР,ЧТ,ПТ,СБ,ВС;Одинцово;Парк Победы;Bus
339;19.03.16 22:05;ПН,ВТ,СР,ЧТ,ПТ,СБ,ВС;Одинцово;Парк Победы;Bus
339;19.03.16 22:15;ПН,ВТ,СР,ЧТ,ПТ,СБ,ВС;Одинцово;Парк Победы;Bus
339;19.03.16 6:40;ПН,ВТ,СР,ЧТ,ПТ,СБ,ВС;Парк Победы;Одинцово;Bus
339;19.03.16 6:50;ПН,ВТ,СР,ЧТ,ПТ,СБ,ВС;Парк Победы;Одинцово;Bus
339;19.03.16 7:00;ПН,ВТ,СР,ЧТ,ПТ,СБ,ВС;Парк Победы;Одинцово;Bus
339;19.03.16 7:10;ПН,ВТ,СР,ЧТ,ПТ,СБ,ВС;Парк Победы;Одинцово;Bus
339;19.03.16 7:20;ПН,ВТ,СР,ЧТ,ПТ,СБ,ВС;Парк Победы;Одинцово;Bus
339;19.03.16 7:30;ПН,ВТ,СР,ЧТ,ПТ,СБ,ВС;Парк Победы;Одинцово;Bus
339;19.03.16 7:40;ПН,ВТ,СР,ЧТ,ПТ,СБ,ВС;Парк Победы;Одинцово;Bus
339;19.03.16 7:50;ПН,ВТ,СР,ЧТ,ПТ,СБ,ВС;Парк Победы;Одинцово;Bus
339;19.03.16 8:00;ПН,ВТ,СР,ЧТ,ПТ,СБ,ВС;Парк Победы;Одинцово;Bus
339;19.03.16 8:10;ПН,ВТ,СР,ЧТ,ПТ,СБ,ВС;Парк Победы;Одинцово;Bus
339;19.03.16 8:20;ПН,ВТ,СР,ЧТ,ПТ,СБ,ВС;Парк Победы;Одинцово;Bus
339;19.03.16 8:30;ПН,ВТ,СР,ЧТ,ПТ,СБ,ВС;Парк Победы;Одинцово;Bus
339;19.03.16 8:40;ПН,ВТ,СР,ЧТ,ПТ,СБ,ВС;Парк Победы;Одинцово;Bus
339;19.03.16 8:50;ПН,ВТ,СР,ЧТ,ПТ,СБ,ВС;Парк Победы;Одинцово;Bus
339;19.03.16 9:00;ПН,ВТ,СР,ЧТ,ПТ,СБ,ВС;Парк Победы;Одинцово;Bus
339;19.03.16 9:10;ПН,ВТ,СР,ЧТ,ПТ,СБ,ВС;Парк Победы;Одинцово;Bus
339;19.03.16 9:20;ПН,ВТ,СР,ЧТ,ПТ,СБ,ВС;Парк Победы;Одинцово;Bus
339;19.03.16 9:30;ПН,ВТ,СР,ЧТ,ПТ,СБ,ВС;Парк Победы;Одинцово;Bus
339;19.03.16 9:40;ПН,ВТ,СР,ЧТ,ПТ,СБ,ВС;Парк Победы;Одинцово;Bus
339;19.03.16 9:50;ПН,ВТ,СР,ЧТ,ПТ,СБ,ВС;Парк Победы;Одинцово;Bus
339;19.03.16 10:00;ПН,ВТ,СР,ЧТ,ПТ,СБ,ВС;Парк Победы;Одинцово;Bus
339;19.03.16 10:10;ПН,ВТ,СР,ЧТ,ПТ,СБ,ВС;Парк Победы;Одинцово;Bus
339;19.03.16 10:20;ПН,ВТ,СР,ЧТ,ПТ,СБ,ВС;Парк Победы;Одинцово;Bus
339;19.03.16 10:30;ПН,ВТ,СР,ЧТ,ПТ,СБ,ВС;Парк Победы;Одинцово;Bus
339;19.03.16 10:40;ПН,ВТ,СР,ЧТ,ПТ,СБ,ВС;Парк Победы;Одинцово;Bus
339;19.03.16 10:50;ПН,ВТ,СР,ЧТ,ПТ,СБ,ВС;Парк Победы;Одинцово;Bus
339;19.03.16 11:00;ПН,ВТ,СР,ЧТ,ПТ,СБ,ВС;Парк Победы;Одинцово;Bus
339;19.03.16 11:10;ПН,ВТ,СР,ЧТ,ПТ,СБ,ВС;Парк Победы;Одинцово;Bus
339;19.03.16 11:20;ПН,ВТ,СР,ЧТ,ПТ,СБ,ВС;Парк Победы;Одинцово;Bus
339;19.03.16 11:30;ПН,ВТ,СР,ЧТ,ПТ,СБ,ВС;Парк Победы;Одинцово;Bus
339;19.03.16 11:40;ПН,ВТ,СР,ЧТ,ПТ,СБ,ВС;Парк Победы;Одинцово;Bus
339;19.03.16 11:50;ПН,ВТ,СР,ЧТ,ПТ,СБ,ВС;Парк Победы;Одинцово;Bus
339;19.03.16 12:00;ПН,ВТ,СР,ЧТ,ПТ,СБ,ВС;Парк Победы;Одинцово;Bus
339;19.03.16 12:10;ПН,ВТ,СР,ЧТ,ПТ,СБ,ВС;Парк Победы;Одинцово;Bus
339;19.03.16 12:20;ПН,ВТ,СР,ЧТ,ПТ,СБ,ВС;Парк Победы;Одинцово;Bus
339;19.03.16 12:30;ПН,ВТ,СР,ЧТ,ПТ,СБ,ВС;Парк Победы;Одинцово;Bus
339;19.03.16 12:40;ПН,ВТ,СР,ЧТ,ПТ,СБ,ВС;Парк Победы;Одинцово;Bus
339;19.03.16 12:50;ПН,ВТ,СР,ЧТ,ПТ,СБ,ВС;Парк Победы;Одинцово;Bus
339;19.03.16 13:00;ПН,ВТ,СР,ЧТ,ПТ,СБ,ВС;Парк Победы;Одинцово;Bus
339;19.03.16 13:10;ПН,ВТ,СР,ЧТ,ПТ,СБ,ВС;Парк Победы;Одинцово;Bus
339;19.03.16 13:20;ПН,ВТ,СР,ЧТ,ПТ,СБ,ВС;Парк Победы;Одинцово;Bus
339;19.03.16 13:30;ПН,ВТ,СР,ЧТ,ПТ,СБ,ВС;Парк Победы;Одинцово;Bus
339;19.03.16 13:40;ПН,ВТ,СР,ЧТ,ПТ,СБ,ВС;Парк Победы;Одинцово;Bus
339;19.03.16 13:50;ПН,ВТ,СР,ЧТ,ПТ,СБ,ВС;Парк Победы;Одинцово;Bus
339;19.03.16 14:00;ПН,ВТ,СР,ЧТ,ПТ,СБ,ВС;Парк Победы;Одинцово;Bus
339;19.03.16 14:10;ПН,ВТ,СР,ЧТ,ПТ,СБ,ВС;Парк Победы;Одинцово;Bus
339;19.03.16 14:20;ПН,ВТ,СР,ЧТ,ПТ,СБ,ВС;Парк Победы;Одинцово;Bus
339;19.03.16 14:30;ПН,ВТ,СР,ЧТ,ПТ,СБ,ВС;Парк Победы;Одинцово;Bus
339;19.03.16 14:40;ПН,ВТ,СР,ЧТ,ПТ,СБ,ВС;Парк Победы;Одинцово;Bus
339;19.03.16 14:50;ПН,ВТ,СР,ЧТ,ПТ,СБ,ВС;Парк Победы;Одинцово;Bus
339;19.03.16 15:00;ПН,ВТ,СР,ЧТ,ПТ,СБ,ВС;Парк Победы;Одинцово;Bus
339;19.03.16 15:10;ПН,ВТ,СР,ЧТ,ПТ,СБ,ВС;Парк Победы;Одинцово;Bus
339;19.03.16 15:20;ПН,ВТ,СР,ЧТ,ПТ,СБ,ВС;Парк Победы;Одинцово;Bus
339;19.03.16 15:30;ПН,ВТ,СР,ЧТ,ПТ,СБ,ВС;Парк Победы;Одинцово;Bus
339;19.03.16 15:40;ПН,ВТ,СР,ЧТ,ПТ,СБ,ВС;Парк Победы;Одинцово;Bus
339;19.03.16 15:50;ПН,ВТ,СР,ЧТ,ПТ,СБ,ВС;Парк Победы;Одинцово;Bus
339;19.03.16 16:00;ПН,ВТ,СР,ЧТ,ПТ,СБ,ВС;Парк Победы;Одинцово;Bus
339;19.03.16 16:10;ПН,ВТ,СР,ЧТ,ПТ,СБ,ВС;Парк Победы;Одинцово;Bus
339;19.03.16 16:20;ПН,ВТ,СР,ЧТ,ПТ,СБ,ВС;Парк Победы;Одинцово;Bus
339;19.03.16 16:30;ПН,ВТ,СР,ЧТ,ПТ,СБ,ВС;Парк Победы;Одинцово;Bus
339;19.03.16 16:40;ПН,ВТ,СР,ЧТ,ПТ,СБ,ВС;Парк Победы;Одинцово;Bus
339;19.03.16 16:50;ПН,ВТ,СР,ЧТ,ПТ,СБ,ВС;Парк Победы;Одинцово;Bus
339;19.03.16 17:00;ПН,ВТ,СР,ЧТ,ПТ,СБ,ВС;Парк Победы;Одинцово;Bus
339;19.03.16 17:10;ПН,ВТ,СР,ЧТ,ПТ,СБ,ВС;Парк Победы;Одинцово;Bus
339;19.03.16 17:20;ПН,ВТ,СР,ЧТ,ПТ,СБ,ВС;Парк Победы;Одинцово;Bus
339;19.03.16 17:30;ПН,ВТ,СР,ЧТ,ПТ,СБ,ВС;Парк Победы;Одинцово;Bus
339;19.03.16 17:40;ПН,ВТ,СР,ЧТ,ПТ,СБ,ВС;Парк Победы;Одинцово;Bus
339;19.03.16 17:50;ПН,ВТ,СР,ЧТ,ПТ,СБ,ВС;Парк Победы;Одинцово;Bus
339;19.03.16 18:00;ПН,ВТ,СР,ЧТ,ПТ,СБ,ВС;Парк Победы;Одинцово;Bus
339;19.03.16 18:10;ПН,ВТ,СР,ЧТ,ПТ,СБ,ВС;Парк Победы;Одинцово;Bus
339;19.03.16 18:20;ПН,ВТ,СР,ЧТ,ПТ,СБ,ВС;Парк Победы;Одинцово;Bus
339;19.03.16 18:30;ПН,ВТ,СР,ЧТ,ПТ,СБ,ВС;Парк Победы;Одинцово;Bus
339;19.03.16 18:40;ПН,ВТ,СР,ЧТ,ПТ,СБ,ВС;Парк Победы;Одинцово;Bus
339;19.03.16 18:50;ПН,ВТ,СР,ЧТ,ПТ,СБ,ВС;Парк Победы;Одинцово;Bus
339;19.03.16 19:00;ПН,ВТ,СР,ЧТ,ПТ,СБ,ВС;Парк Победы;Одинцово;Bus
339;19.03.16 19:10;ПН,ВТ,СР,ЧТ,ПТ,СБ,ВС;Парк Победы;Одинцово;Bus
339;19.03.16 19:20;ПН,ВТ,СР,ЧТ,ПТ,СБ,ВС;Парк Победы;Одинцово;Bus
339;19.03.16 19:30;ПН,ВТ,СР,ЧТ,ПТ,СБ,ВС;Парк Победы;Одинцово;Bus
339;19.03.16 19:40;ПН,ВТ,СР,ЧТ,ПТ,СБ,ВС;Парк Победы;Одинцово;Bus
339;19.03.16 19:50;ПН,ВТ,СР,ЧТ,ПТ,СБ,ВС;Парк Победы;Одинцово;Bus
339;19.03.16 20:00;ПН,ВТ,СР,ЧТ,ПТ,СБ,ВС;Парк Победы;Одинцово;Bus
339;19.03.16 20:10;ПН,ВТ,СР,ЧТ,ПТ,СБ,ВС;Парк Победы;Одинцово;Bus
339;19.03.16 20:20;ПН,ВТ,СР,ЧТ,ПТ,СБ,ВС;Парк Победы;Одинцово;Bus
339;19.03.16 20:30;ПН,ВТ,СР,ЧТ,ПТ,СБ,ВС;Парк Победы;Одинцово;Bus
339;19.03.16 20:40;ПН,ВТ,СР,ЧТ,ПТ,СБ,ВС;Парк Победы;Одинцово;Bus
339;19.03.16 20:50;ПН,ВТ,СР,ЧТ,ПТ,СБ,ВС;Парк Победы;Одинцово;Bus
339;19.03.16 21:00;ПН,ВТ,СР,ЧТ,ПТ,СБ,ВС;Парк Победы;Одинцово;Bus
339;19.03.16 21:10;ПН,ВТ,СР,ЧТ,ПТ,СБ,ВС;Парк Победы;Одинцово;Bus
339;19.03.16 21:20;ПН,ВТ,СР,ЧТ,ПТ,СБ,ВС;Парк Победы;Одинцово;Bus
339;19.03.16 21:30;ПН,ВТ,СР,ЧТ,ПТ,СБ,ВС;Парк Победы;Одинцово;Bus
339;19.03.16 21:40;ПН,ВТ,СР,ЧТ,ПТ,СБ,ВС;Парк Победы;Одинцово;Bus
339;19.03.16 21:50;ПН,ВТ,СР,ЧТ,ПТ,СБ,ВС;Парк Победы;Одинцово;Bus
339;19.03.16 22:00;ПН,ВТ,СР,ЧТ,ПТ,СБ,ВС;Парк Победы;Одинцово;Bus
339;19.03.16 22:10;ПН,ВТ,СР,ЧТ,ПТ,СБ,ВС;Парк Победы;Одинцово;Bus
339;19.03.16 22:20;ПН,ВТ,СР,ЧТ,ПТ,СБ,ВС;Парк Победы;Одинцово;Bus
339;19.03.16 22:30;ПН,ВТ,СР,ЧТ,ПТ,СБ,ВС;Парк Победы;Одинцово;Bus
339;19.03.16 22:40;ПН,ВТ,СР,ЧТ,ПТ,СБ,ВС;Парк Победы;Одинцово;Bus
339;19.03.16 22:50;ПН,ВТ,СР,ЧТ,ПТ,СБ,ВС;Парк Победы;Одинцово;Bus
339;19.03.16 23:00;ПН,ВТ,СР,ЧТ,ПТ,СБ,ВС;Парк Победы;Одинцово;Bus
339;19.03.16 23:10;ПН,ВТ,СР,ЧТ,ПТ,СБ,ВС;Парк Победы;Одинцово;Bus
339;19.03.16 23:20;ПН,ВТ,СР,ЧТ,ПТ,СБ,ВС;Парк Победы;Одинцово;Bus
339;19.03.16 23:30;ПН,ВТ,СР,ЧТ,ПТ,СБ,ВС;Парк Победы;Одинцово;Bus
339;19.03.16 23:40;ПН,ВТ,СР,ЧТ,ПТ,СБ,ВС;Парк Победы;Одинцово;Bus
454;19.03.16 6:00;ПН,ВТ,СР,ЧТ,ПТ,СБ,ВС;Одинцово;Киевская;Bus
454;19.03.16 6:10;ПН,ВТ,СР,ЧТ,ПТ,СБ,ВС;Одинцово;Киевская;Bus
454;19.03.16 6:20;ПН,ВТ,СР,ЧТ,ПТ,СБ,ВС;Одинцово;Киевская;Bus
454;19.03.16 6:30;ПН,ВТ,СР,ЧТ,ПТ,СБ,ВС;Одинцово;Киевская;Bus
454;19.03.16 6:40;ПН,ВТ,СР,ЧТ,ПТ,СБ,ВС;Одинцово;Киевская;Bus
454;19.03.16 6:50;ПН,ВТ,СР,ЧТ,ПТ,СБ,ВС;Одинцово;Киевская;Bus
454;19.03.16 7:00;ПН,ВТ,СР,ЧТ,ПТ,СБ,ВС;Одинцово;Киевская;Bus
454;19.03.16 7:10;ПН,ВТ,СР,ЧТ,ПТ,СБ,ВС;Одинцово;Киевская;Bus
454;19.03.16 7:20;ПН,ВТ,СР,ЧТ,ПТ,СБ,ВС;Одинцово;Киевская;Bus
454;19.03.16 7:30;ПН,ВТ,СР,ЧТ,ПТ,СБ,ВС;Одинцово;Киевская;Bus
454;19.03.16 7:40;ПН,ВТ,СР,ЧТ,ПТ,СБ,ВС;Одинцово;Киевская;Bus
454;19.03.16 7:50;ПН,ВТ,СР,ЧТ,ПТ,СБ,ВС;Одинцово;Киевская;Bus
454;19.03.16 8:00;ПН,ВТ,СР,ЧТ,ПТ,СБ,ВС;Одинцово;Киевская;Bus
454;19.03.16 8:10;ПН,ВТ,СР,ЧТ,ПТ,СБ,ВС;Одинцово;Киевская;Bus
454;19.03.16 8:20;ПН,ВТ,СР,ЧТ,ПТ,СБ,ВС;Одинцово;Киевская;Bus
454;19.03.16 8:30;ПН,ВТ,СР,ЧТ,ПТ,СБ,ВС;Одинцово;Киевская;Bus
454;19.03.16 8:40;ПН,ВТ,СР,ЧТ,ПТ,СБ,ВС;Одинцово;Киевская;Bus
454;19.03.16 8:50;ПН,ВТ,СР,ЧТ,ПТ,СБ,ВС;Одинцово;Киевская;Bus
454;19.03.16 9:00;ПН,ВТ,СР,ЧТ,ПТ,СБ,ВС;Одинцово;Киевская;Bus
454;19.03.16 9:10;ПН,ВТ,СР,ЧТ,ПТ,СБ,ВС;Одинцово;Киевская;Bus
454;19.03.16 9:20;ПН,ВТ,СР,ЧТ,ПТ,СБ,ВС;Одинцово;Киевская;Bus
454;19.03.16 9:30;ПН,ВТ,СР,ЧТ,ПТ,СБ,ВС;Одинцово;Киевская;Bus
454;19.03.16 9:40;ПН,ВТ,СР,ЧТ,ПТ,СБ,ВС;Одинцово;Киевская;Bus
454;19.03.16 9:50;ПН,ВТ,СР,ЧТ,ПТ,СБ,ВС;Одинцово;Киевская;Bus
454;19.03.16 10:00;ПН,ВТ,СР,ЧТ,ПТ,СБ,ВС;Одинцово;Киевская;Bus
454;19.03.16 10:10;ПН,ВТ,СР,ЧТ,ПТ,СБ,ВС;Одинцово;Киевская;Bus
454;19.03.16 10:20;ПН,ВТ,СР,ЧТ,ПТ,СБ,ВС;Одинцово;Киевская;Bus
454;19.03.16 10:30;ПН,ВТ,СР,ЧТ,ПТ,СБ,ВС;Одинцово;Киевская;Bus
454;19.03.16 10:40;ПН,ВТ,СР,ЧТ,ПТ,СБ,ВС;Одинцово;Киевская;Bus
454;19.03.16 10:50;ПН,ВТ,СР,ЧТ,ПТ,СБ,ВС;Одинцово;Киевская;Bus
454;19.03.16 11:00;ПН,ВТ,СР,ЧТ,ПТ,СБ,ВС;Одинцово;Киевская;Bus
454;19.03.16 11:10;ПН,ВТ,СР,ЧТ,ПТ,СБ,ВС;Одинцово;Киевская;Bus
454;19.03.16 11:20;ПН,ВТ,СР,ЧТ,ПТ,СБ,ВС;Одинцово;Киевская;Bus
454;19.03.16 11:30;ПН,ВТ,СР,ЧТ,ПТ,СБ,ВС;Одинцово;Киевская;Bus
454;19.03.16 11:40;ПН,ВТ,СР,ЧТ,ПТ,СБ,ВС;Одинцово;Киевская;Bus
454;19.03.16 11:50;ПН,ВТ,СР,ЧТ,ПТ,СБ,ВС;Одинцово;Киевская;Bus
454;19.03.16 12:00;ПН,ВТ,СР,ЧТ,ПТ,СБ,ВС;Одинцово;Киевская;Bus
454;19.03.16 12:10;ПН,ВТ,СР,ЧТ,ПТ,СБ,ВС;Одинцово;Киевская;Bus
454;19.03.16 12:20;ПН,ВТ,СР,ЧТ,ПТ,СБ,ВС;Одинцово;Киевская;Bus
454;19.03.16 12:30;ПН,ВТ,СР,ЧТ,ПТ,СБ,ВС;Одинцово;Киевская;Bus
454;19.03.16 12:40;ПН,ВТ,СР,ЧТ,ПТ,СБ,ВС;Одинцово;Киевская;Bus
454;19.03.16 12:50;ПН,ВТ,СР,ЧТ,ПТ,СБ,ВС;Одинцово;Киевская;Bus
454;19.03.16 13:00;ПН,ВТ,СР,ЧТ,ПТ,СБ,ВС;Одинцово;Киевская;Bus
454;19.03.16 13:10;ПН,ВТ,СР,ЧТ,ПТ,СБ,ВС;Одинцово;Киевская;Bus
454;19.03.16 13:20;ПН,ВТ,СР,ЧТ,ПТ,СБ,ВС;Одинцово;Киевская;Bus
454;19.03.16 13:30;ПН,ВТ,СР,ЧТ,ПТ,СБ,ВС;Одинцово;Киевская;Bus
454;19.03.16 13:40;ПН,ВТ,СР,ЧТ,ПТ,СБ,ВС;Одинцово;Киевская;Bus
454;19.03.16 13:50;ПН,ВТ,СР,ЧТ,ПТ,СБ,ВС;Одинцово;Киевская;Bus
454;19.03.16 14:00;ПН,ВТ,СР,ЧТ,ПТ,СБ,ВС;Одинцово;Киевская;Bus
454;19.03.16 14:10;ПН,ВТ,СР,ЧТ,ПТ,СБ,ВС;Одинцово;Киевская;Bus
454;19.03.16 14:20;ПН,ВТ,СР,ЧТ,ПТ,СБ,ВС;Одинцово;Киевская;Bus
454;19.03.16 14:30;ПН,ВТ,СР,ЧТ,ПТ,СБ,ВС;Одинцово;Киевская;Bus
454;19.03.16 14:40;ПН,ВТ,СР,ЧТ,ПТ,СБ,ВС;Одинцово;Киевская;Bus
454;19.03.16 14:50;ПН,ВТ,СР,ЧТ,ПТ,СБ,ВС;Одинцово;Киевская;Bus
454;19.03.16 15:00;ПН,ВТ,СР,ЧТ,ПТ,СБ,ВС;Одинцово;Киевская;Bus
454;19.03.16 15:10;ПН,ВТ,СР,ЧТ,ПТ,СБ,ВС;Одинцово;Киевская;Bus
454;19.03.16 15:20;ПН,ВТ,СР,ЧТ,ПТ,СБ,ВС;Одинцово;Киевская;Bus
454;19.03.16 15:30;ПН,ВТ,СР,ЧТ,ПТ,СБ,ВС;Одинцово;Киевская;Bus
454;19.03.16 15:40;ПН,ВТ,СР,ЧТ,ПТ,СБ,ВС;Одинцово;Киевская;Bus
454;19.03.16 15:50;ПН,ВТ,СР,ЧТ,ПТ,СБ,ВС;Одинцово;Киевская;Bus
454;19.03.16 16:00;ПН,ВТ,СР,ЧТ,ПТ,СБ,ВС;Одинцово;Киевская;Bus
454;19.03.16 16:10;ПН,ВТ,СР,ЧТ,ПТ,СБ,ВС;Одинцово;Киевская;Bus
454;19.03.16 16:20;ПН,ВТ,СР,ЧТ,ПТ,СБ,ВС;Одинцово;Киевская;Bus
454;19.03.16 16:30;ПН,ВТ,СР,ЧТ,ПТ,СБ,ВС;Одинцово;Киевская;Bus
454;19.03.16 16:40;ПН,ВТ,СР,ЧТ,ПТ,СБ,ВС;Одинцово;Киевская;Bus
454;19.03.16 16:50;ПН,ВТ,СР,ЧТ,ПТ,СБ,ВС;Одинцово;Киевская;Bus
454;19.03.16 17:00;ПН,ВТ,СР,ЧТ,ПТ,СБ,ВС;Одинцово;Киевская;Bus
454;19.03.16 17:10;ПН,ВТ,СР,ЧТ,ПТ,СБ,ВС;Одинцово;Киевская;Bus
454;19.03.16 17:20;ПН,ВТ,СР,ЧТ,ПТ,СБ,ВС;Одинцово;Киевская;Bus
454;19.03.16 17:30;ПН,ВТ,СР,ЧТ,ПТ,СБ,ВС;Одинцово;Киевская;Bus
454;19.03.16 17:40;ПН,ВТ,СР,ЧТ,ПТ,СБ,ВС;Одинцово;Киевская;Bus
454;19.03.16 17:50;ПН,ВТ,СР,ЧТ,ПТ,СБ,ВС;Одинцово;Киевская;Bus
454;19.03.16 18:00;ПН,ВТ,СР,ЧТ,ПТ,СБ,ВС;Одинцово;Киевская;Bus
454;19.03.16 18:10;ПН,ВТ,СР,ЧТ,ПТ,СБ,ВС;Одинцово;Киевская;Bus
454;19.03.16 18:20;ПН,ВТ,СР,ЧТ,ПТ,СБ,ВС;Одинцово;Киевская;Bus
454;19.03.16 18:30;ПН,ВТ,СР,ЧТ,ПТ,СБ,ВС;Одинцово;Киевская;Bus
454;19.03.16 18:40;ПН,ВТ,СР,ЧТ,ПТ,СБ,ВС;Одинцово;Киевская;Bus
454;19.03.16 18:50;ПН,ВТ,СР,ЧТ,ПТ,СБ,ВС;Одинцово;Киевская;Bus
454;19.03.16 19:00;ПН,ВТ,СР,ЧТ,ПТ,СБ,ВС;Одинцово;Киевская;Bus
454;19.03.16 19:10;ПН,ВТ,СР,ЧТ,ПТ,СБ,ВС;Одинцово;Киевская;Bus
454;19.03.16 19:20;ПН,ВТ,СР,ЧТ,ПТ,СБ,ВС;Одинцово;Киевская;Bus
454;19.03.16 19:30;ПН,ВТ,СР,ЧТ,ПТ,СБ,ВС;Одинцово;Киевская;Bus
454;19.03.16 19:40;ПН,ВТ,СР,ЧТ,ПТ,СБ,ВС;Одинцово;Киевская;Bus
454;19.03.16 19:50;ПН,ВТ,СР,ЧТ,ПТ,СБ,ВС;Одинцово;Киевская;Bus
454;19.03.16 20:00;ПН,ВТ,СР,ЧТ,ПТ,СБ,ВС;Одинцово;Киевская;Bus
454;19.03.16 20:10;ПН,ВТ,СР,ЧТ,ПТ,СБ,ВС;Одинцово;Киевская;Bus
454;19.03.16 20:20;ПН,ВТ,СР,ЧТ,ПТ,СБ,ВС;Одинцово;Киевская;Bus
454;19.03.16 20:30;ПН,ВТ,СР,ЧТ,ПТ,СБ,ВС;Одинцово;Киевская;Bus
454;19.03.16 20:40;ПН,ВТ,СР,ЧТ,ПТ,СБ,ВС;Одинцово;Киевская;Bus
454;19.03.16 20:50;ПН,ВТ,СР,ЧТ,ПТ,СБ,ВС;Одинцово;Киевская;Bus
454;19.03.16 21:00;ПН,ВТ,СР,ЧТ,ПТ,СБ,ВС;Одинцово;Киевская;Bus
454;19.03.16 21:10;ПН,ВТ,СР,ЧТ,ПТ,СБ,ВС;Одинцово;Киевская;Bus
454;19.03.16 7:15;ПН,ВТ,СР,ЧТ,ПТ,СБ,ВС;Киевская;Одинцово;Bus
454;19.03.16 7:25;ПН,ВТ,СР,ЧТ,ПТ,СБ,ВС;Киевская;Одинцово;Bus
454;19.03.16 7:35;ПН,ВТ,СР,ЧТ,ПТ,СБ,ВС;Киевская;Одинцово;Bus
454;19.03.16 7:45;ПН,ВТ,СР,ЧТ,ПТ,СБ,ВС;Киевская;Одинцово;Bus
454;19.03.16 7:55;ПН,ВТ,СР,ЧТ,ПТ,СБ,ВС;Киевская;Одинцово;Bus
454;19.03.16 8:05;ПН,ВТ,СР,ЧТ,ПТ,СБ,ВС;Киевская;Одинцово;Bus
454;19.03.16 8:15;ПН,ВТ,СР,ЧТ,ПТ,СБ,ВС;Киевская;Одинцово;Bus
454;19.03.16 8:25;ПН,ВТ,СР,ЧТ,ПТ,СБ,ВС;Киевская;Одинцово;Bus
454;19.03.16 8:35;ПН,ВТ,СР,ЧТ,ПТ,СБ,ВС;Киевская;Одинцово;Bus
454;19.03.16 8:45;ПН,ВТ,СР,ЧТ,ПТ,СБ,ВС;Киевская;Одинцово;Bus
454;19.03.16 8:55;ПН,ВТ,СР,ЧТ,ПТ,СБ,ВС;Киевская;Одинцово;Bus
454;19.03.16 9:05;ПН,ВТ,СР,ЧТ,ПТ,СБ,ВС;Киевская;Одинцово;Bus
454;19.03.16 9:15;ПН,ВТ,СР,ЧТ,ПТ,СБ,ВС;Киевская;Одинцово;Bus
454;19.03.16 9:25;ПН,ВТ,СР,ЧТ,ПТ,СБ,ВС;Киевская;Одинцово;Bus
454;19.03.16 9:35;ПН,ВТ,СР,ЧТ,ПТ,СБ,ВС;Киевская;Одинцово;Bus
454;19.03.16 9:45;ПН,ВТ,СР,ЧТ,ПТ,СБ,ВС;Киевская;Одинцово;Bus
454;19.03.16 9:55;ПН,ВТ,СР,ЧТ,ПТ,СБ,ВС;Киевская;Одинцово;Bus
454;19.03.16 10:05;ПН,ВТ,СР,ЧТ,ПТ,СБ,ВС;Киевская;Одинцово;Bus
454;19.03.16 10:15;ПН,ВТ,СР,ЧТ,ПТ,СБ,ВС;Киевская;Одинцово;Bus
454;19.03.16 10:25;ПН,ВТ,СР,ЧТ,ПТ,СБ,ВС;Киевская;Одинцово;Bus
454;19.03.16 10:35;ПН,ВТ,СР,ЧТ,ПТ,СБ,ВС;Киевская;Одинцово;Bus
454;19.03.16 10:45;ПН,ВТ,СР,ЧТ,ПТ,СБ,ВС;Киевская;Одинцово;Bus
454;19.03.16 10:55;ПН,ВТ,СР,ЧТ,ПТ,СБ,ВС;Киевская;Одинцово;Bus
454;19.03.16 11:05;ПН,ВТ,СР,ЧТ,ПТ,СБ,ВС;Киевская;Одинцово;Bus
454;19.03.16 11:15;ПН,ВТ,СР,ЧТ,ПТ,СБ,ВС;Киевская;Одинцово;Bus
454;19.03.16 11:25;ПН,ВТ,СР,ЧТ,ПТ,СБ,ВС;Киевская;Одинцово;Bus
454;19.03.16 11:35;ПН,ВТ,СР,ЧТ,ПТ,СБ,ВС;Киевская;Одинцово;Bus
454;19.03.16 11:45;ПН,ВТ,СР,ЧТ,ПТ,СБ,ВС;Киевская;Одинцово;Bus
454;19.03.16 11:55;ПН,ВТ,СР,ЧТ,ПТ,СБ,ВС;Киевская;Одинцово;Bus
454;19.03.16 12:05;ПН,ВТ,СР,ЧТ,ПТ,СБ,ВС;Киевская;Одинцово;Bus
454;19.03.16 12:15;ПН,ВТ,СР,ЧТ,ПТ,СБ,ВС;Киевская;Одинцово;Bus
454;19.03.16 12:25;ПН,ВТ,СР,ЧТ,ПТ,СБ,ВС;Киевская;Одинцово;Bus
454;19.03.16 12:35;ПН,ВТ,СР,ЧТ,ПТ,СБ,ВС;Киевская;Одинцово;Bus
454;19.03.16 12:45;ПН,ВТ,СР,ЧТ,ПТ,СБ,ВС;Киевская;Одинцово;Bus
454;19.03.16 12:55;ПН,ВТ,СР,ЧТ,ПТ,СБ,ВС;Киевская;Одинцово;Bus
454;19.03.16 13:05;ПН,ВТ,СР,ЧТ,ПТ,СБ,ВС;Киевская;Одинцово;Bus
454;19.03.16 13:15;ПН,ВТ,СР,ЧТ,ПТ,СБ,ВС;Киевская;Одинцово;Bus
454;19.03.16 13:25;ПН,ВТ,СР,ЧТ,ПТ,СБ,ВС;Киевская;Одинцово;Bus
454;19.03.16 13:35;ПН,ВТ,СР,ЧТ,ПТ,СБ,ВС;Киевская;Одинцово;Bus
454;19.03.16 13:45;ПН,ВТ,СР,ЧТ,ПТ,СБ,ВС;Киевская;Одинцово;Bus
454;19.03.16 13:55;ПН,ВТ,СР,ЧТ,ПТ,СБ,ВС;Киевская;Одинцово;Bus
454;19.03.16 14:05;ПН,ВТ,СР,ЧТ,ПТ,СБ,ВС;Киевская;Одинцово;Bus
454;19.03.16 14:15;ПН,ВТ,СР,ЧТ,ПТ,СБ,ВС;Киевская;Одинцово;Bus
454;19.03.16 14:25;ПН,ВТ,СР,ЧТ,ПТ,СБ,ВС;Киевская;Одинцово;Bus
454;19.03.16 14:35;ПН,ВТ,СР,ЧТ,ПТ,СБ,ВС;Киевская;Одинцово;Bus
454;19.03.16 14:45;ПН,ВТ,СР,ЧТ,ПТ,СБ,ВС;Киевская;Одинцово;Bus
454;19.03.16 14:55;ПН,ВТ,СР,ЧТ,ПТ,СБ,ВС;Киевская;Одинцово;Bus
454;19.03.16 15:05;ПН,ВТ,СР,ЧТ,ПТ,СБ,ВС;Киевская;Одинцово;Bus
454;19.03.16 15:15;ПН,ВТ,СР,ЧТ,ПТ,СБ,ВС;Киевская;Одинцово;Bus
454;19.03.16 15:25;ПН,ВТ,СР,ЧТ,ПТ,СБ,ВС;Киевская;Одинцово;Bus
454;19.03.16 15:35;ПН,ВТ,СР,ЧТ,ПТ,СБ,ВС;Киевская;Одинцово;Bus
454;19.03.16 15:45;ПН,ВТ,СР,ЧТ,ПТ,СБ,ВС;Киевская;Одинцово;Bus
454;19.03.16 15:55;ПН,ВТ,СР,ЧТ,ПТ,СБ,ВС;Киевская;Одинцово;Bus
454;19.03.16 16:05;ПН,ВТ,СР,ЧТ,ПТ,СБ,ВС;Киевская;Одинцово;Bus
454;19.03.16 16:15;ПН,ВТ,СР,ЧТ,ПТ,СБ,ВС;Киевская;Одинцово;Bus
454;19.03.16 16:25;ПН,ВТ,СР,ЧТ,ПТ,СБ,ВС;Киевская;Одинцово;Bus
454;19.03.16 16:35;ПН,ВТ,СР,ЧТ,ПТ,СБ,ВС;Киевская;Одинцово;Bus
454;19.03.16 16:45;ПН,ВТ,СР,ЧТ,ПТ,СБ,ВС;Киевская;Одинцово;Bus
454;19.03.16 16:55;ПН,ВТ,СР,ЧТ,ПТ,СБ,ВС;Киевская;Одинцово;Bus
454;19.03.16 17:05;ПН,ВТ,СР,ЧТ,ПТ,СБ,ВС;Киевская;Одинцово;Bus
454;19.03.16 17:15;ПН,ВТ,СР,ЧТ,ПТ,СБ,ВС;Киевская;Одинцово;Bus
454;19.03.16 17:25;ПН,ВТ,СР,ЧТ,ПТ,СБ,ВС;Киевская;Одинцово;Bus
454;19.03.16 17:35;ПН,ВТ,СР,ЧТ,ПТ,СБ,ВС;Киевская;Одинцово;Bus
454;19.03.16 17:45;ПН,ВТ,СР,ЧТ,ПТ,СБ,ВС;Киевская;Одинцово;Bus
454;19.03.16 17:55;ПН,ВТ,СР,ЧТ,ПТ,СБ,ВС;Киевская;Одинцово;Bus
454;19.03.16 18:05;ПН,ВТ,СР,ЧТ,ПТ,СБ,ВС;Киевская;Одинцово;Bus
454;19.03.16 18:15;ПН,ВТ,СР,ЧТ,ПТ,СБ,ВС;Киевская;Одинцово;Bus
454;19.03.16 18:25;ПН,ВТ,СР,ЧТ,ПТ,СБ,ВС;Киевская;Одинцово;Bus
454;19.03.16 18:35;ПН,ВТ,СР,ЧТ,ПТ,СБ,ВС;Киевская;Одинцово;Bus
454;19.03.16 18:45;ПН,ВТ,СР,ЧТ,ПТ,СБ,ВС;Киевская;Одинцово;Bus
454;19.03.16 18:55;ПН,ВТ,СР,ЧТ,ПТ,СБ,ВС;Киевская;Одинцово;Bus
454;19.03.16 19:05;ПН,ВТ,СР,ЧТ,ПТ,СБ,ВС;Киевская;Одинцово;Bus
454;19.03.16 19:15;ПН,ВТ,СР,ЧТ,ПТ,СБ,ВС;Киевская;Одинцово;Bus
454;19.03.16 19:25;ПН,ВТ,СР,ЧТ,ПТ,СБ,ВС;Киевская;Одинцово;Bus
454;19.03.16 19:35;ПН,ВТ,СР,ЧТ,ПТ,СБ,ВС;Киевская;Одинцово;Bus
454;19.03.16 19:45;ПН,ВТ,СР,ЧТ,ПТ,СБ,ВС;Киевская;Одинцово;Bus
454;19.03.16 19:55;ПН,ВТ,СР,ЧТ,ПТ,СБ,ВС;Киевская;Одинцово;Bus
454;19.03.16 20:05;ПН,ВТ,СР,ЧТ,ПТ,СБ,ВС;Киевская;Одинцово;Bus
454;19.03.16 20:15;ПН,ВТ,СР,ЧТ,ПТ,СБ,ВС;Киевская;Одинцово;Bus
454;19.03.16 20:25;ПН,ВТ,СР,ЧТ,ПТ,СБ,ВС;Киевская;Одинцово;Bus
454;19.03.16 20:35;ПН,ВТ,СР,ЧТ,ПТ,СБ,ВС;Киевская;Одинцово;Bus
454;19.03.16 20:45;ПН,ВТ,СР,ЧТ,ПТ,СБ,ВС;Киевская;Одинцово;Bus
454;19.03.16 20:55;ПН,ВТ,СР,ЧТ,ПТ,СБ,ВС;Киевская;Одинцово;Bus
454;19.03.16 21:05;ПН,ВТ,СР,ЧТ,ПТ,СБ,ВС;Киевская;Одинцово;Bus
454;19.03.16 21:15;ПН,ВТ,СР,ЧТ,ПТ,СБ,ВС;Киевская;Одинцово;Bus
454;19.03.16 21:25;ПН,ВТ,СР,ЧТ,ПТ,СБ,ВС;Киевская;Одинцово;Bus
454;19.03.16 21:35;ПН,ВТ,СР,ЧТ,ПТ,СБ,ВС;Киевская;Одинцово;Bus
454;19.03.16 21:45;ПН,ВТ,СР,ЧТ,ПТ,СБ,ВС;Киевская;Одинцово;Bus
454;19.03.16 21:55;ПН,ВТ,СР,ЧТ,ПТ,СБ,ВС;Киевская;Одинцово;Bus
454;19.03.16 22:05;ПН,ВТ,СР,ЧТ,ПТ,СБ,ВС;Киевская;Одинцово;Bus
454;19.03.16 22:15;ПН,ВТ,СР,ЧТ,ПТ,СБ,ВС;Киевская;Одинцово;Bus
454;19.03.16 22:25;ПН,ВТ,СР,ЧТ,ПТ,СБ,ВС;Киевская;Одинцово;Bus
454;19.03.16 22:35;ПН,ВТ,СР,ЧТ,ПТ,СБ,ВС;Киевская;Одинцово;Bus
454;19.03.16 22:45;ПН,ВТ,СР,ЧТ,ПТ,СБ,ВС;Киевская;Одинцово;Bus
454;19.03.16 22:55;ПН,ВТ,СР,ЧТ,ПТ,СБ,ВС;Киевская;Одинцово;Bus
43;20.03.16 6:17;ПН,ВТ,СР,ЧТ,ПТ;Спутник;Кирпичная;Tram
43;20.03.16 6:32;ПН,ВТ,СР,ЧТ,ПТ;Спутник;Кирпичная;Tram
43;20.03.16 6:47;ПН,ВТ,СР,ЧТ,ПТ;Спутник;Кирпичная;Tram
43;20.03.16 7:02;ПН,ВТ,СР,ЧТ,ПТ;Спутник;Кирпичная;Tram
43;20.03.16 7:19;ПН,ВТ,СР,ЧТ,ПТ;Спутник;Кирпичная;Tram
43;20.03.16 7:31;ПН,ВТ,СР,ЧТ,ПТ;Спутник;Кирпичная;Tram
43;20.03.16 7:42;ПН,ВТ,СР,ЧТ,ПТ;Спутник;Кирпичная;Tram
43;20.03.16 7:52;ПН,ВТ,СР,ЧТ,ПТ;Спутник;Кирпичная;Tram
43;20.03.16 8:01;ПН,ВТ,СР,ЧТ,ПТ;Спутник;Кирпичная;Tram
43;20.03.16 8:10;ПН,ВТ,СР,ЧТ,ПТ;Спутник;Кирпичная;Tram
43;20.03.16 8:19;ПН,ВТ,СР,ЧТ,ПТ;Спутник;Кирпичная;Tram
43;20.03.16 8:27;ПН,ВТ,СР,ЧТ,ПТ;Спутник;Кирпичная;Tram
43;20.03.16 8:36;ПН,ВТ,СР,ЧТ,ПТ;Спутник;Кирпичная;Tram
43;20.03.16 8:44;ПН,ВТ,СР,ЧТ,ПТ;Спутник;Кирпичная;Tram
43;20.03.16 8:53;ПН,ВТ,СР,ЧТ,ПТ;Спутник;Кирпичная;Tram
43;20.03.16 9:03;ПН,ВТ,СР,ЧТ,ПТ;Спутник;Кирпичная;Tram
43;20.03.16 9:14;ПН,ВТ,СР,ЧТ,ПТ;Спутник;Кирпичная;Tram
43;20.03.16 9:25;ПН,ВТ,СР,ЧТ,ПТ;Спутник;Кирпичная;Tram
43;20.03.16 9:37;ПН,ВТ,СР,ЧТ,ПТ;Спутник;Кирпичная;Tram
43;20.03.16 9:48;ПН,ВТ,СР,ЧТ,ПТ;Спутник;Кирпичная;Tram
43;20.03.16 10:00;ПН,ВТ,СР,ЧТ,ПТ;Спутник;Кирпичная;Tram
43;20.03.16 10:12;ПН,ВТ,СР,ЧТ,ПТ;Спутник;Кирпичная;Tram
43;20.03.16 10:23;ПН,ВТ,СР,ЧТ,ПТ;Спутник;Кирпичная;Tram
43;20.03.16 10:35;ПН,ВТ,СР,ЧТ,ПТ;Спутник;Кирпичная;Tram
43;20.03.16 10:46;ПН,ВТ,СР,ЧТ,ПТ;Спутник;Кирпичная;Tram
43;20.03.16 10:57;ПН,ВТ,СР,ЧТ,ПТ;Спутник;Кирпичная;Tram
43;20.03.16 11:10;ПН,ВТ,СР,ЧТ,ПТ;Спутник;Кирпичная;Tram
43;20.03.16 11:24;ПН,ВТ,СР,ЧТ,ПТ;Спутник;Кирпичная;Tram
43;20.03.16 11:38;ПН,ВТ,СР,ЧТ,ПТ;Спутник;Кирпичная;Tram
43;20.03.16 11:53;ПН,ВТ,СР,ЧТ,ПТ;Спутник;Кирпичная;Tram
43;20.03.16 12:08;ПН,ВТ,СР,ЧТ,ПТ;Спутник;Кирпичная;Tram
43;20.03.16 12:23;ПН,ВТ,СР,ЧТ,ПТ;Спутник;Кирпичная;Tram
43;20.03.16 12:38;ПН,ВТ,СР,ЧТ,ПТ;Спутник;Кирпичная;Tram
43;20.03.16 12:53;ПН,ВТ,СР,ЧТ,ПТ;Спутник;Кирпичная;Tram
43;20.03.16 13:08;ПН,ВТ,СР,ЧТ,ПТ;Спутник;Кирпичная;Tram
43;20.03.16 13:23;ПН,ВТ,СР,ЧТ,ПТ;Спутник;Кирпичная;Tram
43;20.03.16 13:35;ПН,ВТ,СР,ЧТ,ПТ;Спутник;Кирпичная;Tram
43;20.03.16 13:47;ПН,ВТ,СР,ЧТ,ПТ;Спутник;Кирпичная;Tram
43;20.03.16 14:00;ПН,ВТ,СР,ЧТ,ПТ;Спутник;Кирпичная;Tram
43;20.03.16 14:12;ПН,ВТ,СР,ЧТ,ПТ;Спутник;Кирпичная;Tram
43;20.03.16 14:24;ПН,ВТ,СР,ЧТ,ПТ;Спутник;Кирпичная;Tram
43;20.03.16 14:37;ПН,ВТ,СР,ЧТ,ПТ;Спутник;Кирпичная;Tram
43;20.03.16 14:51;ПН,ВТ,СР,ЧТ,ПТ;Спутник;Кирпичная;Tram
43;20.03.16 15:06;ПН,ВТ,СР,ЧТ,ПТ;Спутник;Кирпичная;Tram
43;20.03.16 15:22;ПН,ВТ,СР,ЧТ,ПТ;Спутник;Кирпичная;Tram
43;20.03.16 15:36;ПН,ВТ,СР,ЧТ,ПТ;Спутник;Кирпичная;Tram
43;20.03.16 15:49;ПН,ВТ,СР,ЧТ,ПТ;Спутник;Кирпичная;Tram
43;20.03.16 16:00;ПН,ВТ,СР,ЧТ,ПТ;Спутник;Кирпичная;Tram
43;20.03.16 16:10;ПН,ВТ,СР,ЧТ,ПТ;Спутник;Кирпичная;Tram
43;20.03.16 16:20;ПН,ВТ,СР,ЧТ,ПТ;Спутник;Кирпичная;Tram
43;20.03.16 16:30;ПН,ВТ,СР,ЧТ,ПТ;Спутник;Кирпичная;Tram
43;20.03.16 16:40;ПН,ВТ,СР,ЧТ,ПТ;Спутник;Кирпичная;Tram
43;20.03.16 16:49;ПН,ВТ,СР,ЧТ,ПТ;Спутник;Кирпичная;Tram
43;20.03.16 16:58;ПН,ВТ,СР,ЧТ,ПТ;Спутник;Кирпичная;Tram
43;20.03.16 17:08;ПН,ВТ,СР,ЧТ,ПТ;Спутник;Кирпичная;Tram
43;20.03.16 17:26;ПН,ВТ,СР,ЧТ,ПТ;Спутник;Кирпичная;Tram
43;20.03.16 17:36;ПН,ВТ,СР,ЧТ,ПТ;Спутник;Кирпичная;Tram
43;20.03.16 17:45;ПН,ВТ,СР,ЧТ,ПТ;Спутник;Кирпичная;Tram
43;20.03.16 17:55;ПН,ВТ,СР,ЧТ,ПТ;Спутник;Кирпичная;Tram
43;20.03.16 18:07;ПН,ВТ,СР,ЧТ,ПТ;Спутник;Кирпичная;Tram
43;20.03.16 18:18;ПН,ВТ,СР,ЧТ,ПТ;Спутник;Кирпичная;Tram
43;20.03.16 18:30;ПН,ВТ,СР,ЧТ,ПТ;Спутник;Кирпичная;Tram
43;20.03.16 18:43;ПН,ВТ,СР,ЧТ,ПТ;Спутник;Кирпичная;Tram
43;20.03.16 18:56;ПН,ВТ,СР,ЧТ,ПТ;Спутник;Кирпичная;Tram
43;20.03.16 19:08;ПН,ВТ,СР,ЧТ,ПТ;Спутник;Кирпичная;Tram
43;20.03.16 19:17;ПН,ВТ,СР,ЧТ,ПТ;Спутник;Кирпичная;Tram
43;20.03.16 19:25;ПН,ВТ,СР,ЧТ,ПТ;Спутник;Кирпичная;Tram
43;20.03.16 19:36;ПН,ВТ,СР,ЧТ,ПТ;Спутник;Кирпичная;Tram
43;20.03.16 19:46;ПН,ВТ,СР,ЧТ,ПТ;Спутник;Кирпичная;Tram
43;20.03.16 19:57;ПН,ВТ,СР,ЧТ,ПТ;Спутник;Кирпичная;Tram
43;20.03.16 20:07;ПН,ВТ,СР,ЧТ,ПТ;Спутник;Кирпичная;Tram
43;20.03.16 20:17;ПН,ВТ,СР,ЧТ,ПТ;Спутник;Кирпичная;Tram
43;20.03.16 20:27;ПН,ВТ,СР,ЧТ,ПТ;Спутник;Кирпичная;Tram
43;20.03.16 20:37;ПН,ВТ,СР,ЧТ,ПТ;Спутник;Кирпичная;Tram
43;20.03.16 20:48;ПН,ВТ,СР,ЧТ,ПТ;Спутник;Кирпичная;Tram
43;20.03.16 21:02;ПН,ВТ,СР,ЧТ,ПТ;Спутник;Кирпичная;Tram
43;20.03.16 21:10;ПН,ВТ,СР,ЧТ,ПТ;Спутник;Кирпичная;Tram
43;20.03.16 21:15;ПН,ВТ,СР,ЧТ,ПТ;Спутник;Кирпичная;Tram
43;20.03.16 21:32;ПН,ВТ,СР,ЧТ,ПТ;Спутник;Кирпичная;Tram
43;20.03.16 21:41;ПН,ВТ,СР,ЧТ,ПТ;Спутник;Кирпичная;Tram
43;20.03.16 21:49;ПН,ВТ,СР,ЧТ,ПТ;Спутник;Кирпичная;Tram
43;20.03.16 21:56;ПН,ВТ,СР,ЧТ,ПТ;Спутник;Кирпичная;Tram
43;20.03.16 22:05;ПН,ВТ,СР,ЧТ,ПТ;Спутник;Кирпичная;Tram
43;20.03.16 22:13;ПН,ВТ,СР,ЧТ,ПТ;Спутник;Кирпичная;Tram
43;20.03.16 22:22;ПН,ВТ,СР,ЧТ,ПТ;Спутник;Кирпичная;Tram
43;20.03.16 22:32;ПН,ВТ,СР,ЧТ,ПТ;Спутник;Кирпичная;Tram
43;20.03.16 22:40;ПН,ВТ,СР,ЧТ,ПТ;Спутник;Кирпичная;Tram
43;20.03.16 22:58;ПН,ВТ,СР,ЧТ,ПТ;Спутник;Кирпичная;Tram
43;20.03.16 23:16;ПН,ВТ,СР,ЧТ,ПТ;Спутник;Кирпичная;Tram
43;20.03.16 23:34;ПН,ВТ,СР,ЧТ,ПТ;Спутник;Кирпичная;Tram
43;20.03.16 23:56;ПН,ВТ,СР,ЧТ,ПТ;Спутник;Кирпичная;Tram
43;20.03.16 0:15;ПН,ВТ,СР,ЧТ,ПТ;Спутник;Кирпичная;Tram
43;20.03.16 6:11;СБ;Спутник;Кирпичная;Tram
43;20.03.16 6:33;СБ;Спутник;Кирпичная;Tram
43;20.03.16 6:53;СБ;Спутник;Кирпичная;Tram
43;20.03.16 7:13;СБ;Спутник;Кирпичная;Tram
43;20.03.16 7:32;СБ;Спутник;Кирпичная;Tram
43;20.03.16 7:50;СБ;Спутник;Кирпичная;Tram
43;20.03.16 8:09;СБ;Спутник;Кирпичная;Tram
43;20.03.16 8:23;СБ;Спутник;Кирпичная;Tram
43;20.03.16 8:37;СБ;Спутник;Кирпичная;Tram
43;20.03.16 8:51;СБ;Спутник;Кирпичная;Tram
43;20.03.16 9:05;СБ;Спутник;Кирпичная;Tram
43;20.03.16 9:21;СБ;Спутник;Кирпичная;Tram
43;20.03.16 9:37;СБ;Спутник;Кирпичная;Tram
43;20.03.16 9:53;СБ;Спутник;Кирпичная;Tram
43;20.03.16 10:11;СБ;Спутник;Кирпичная;Tram
43;20.03.16 10:29;СБ;Спутник;Кирпичная;Tram
43;20.03.16 10:45;СБ;Спутник;Кирпичная;Tram
43;20.03.16 10:59;СБ;Спутник;Кирпичная;Tram
43;20.03.16 11:13;СБ;Спутник;Кирпичная;Tram
43;20.03.16 11:27;СБ;Спутник;Кирпичная;Tram
43;20.03.16 11:41;СБ;Спутник;Кирпичная;Tram
43;20.03.16 11:55;СБ;Спутник;Кирпичная;Tram
43;20.03.16 12:09;СБ;Спутник;Кирпичная;Tram
43;20.03.16 12:23;СБ;Спутник;Кирпичная;Tram
43;20.03.16 12:37;СБ;Спутник;Кирпичная;Tram
43;20.03.16 12:51;СБ;Спутник;Кирпичная;Tram
43;20.03.16 13:05;СБ;Спутник;Кирпичная;Tram
43;20.03.16 13:19;СБ;Спутник;Кирпичная;Tram
43;20.03.16 13:33;СБ;Спутник;Кирпичная;Tram
43;20.03.16 13:46;СБ;Спутник;Кирпичная;Tram
43;20.03.16 13:59;СБ;Спутник;Кирпичная;Tram
43;20.03.16 14:11;СБ;Спутник;Кирпичная;Tram
43;20.03.16 14:24;СБ;Спутник;Кирпичная;Tram
43;20.03.16 14:37;СБ;Спутник;Кирпичная;Tram
43;20.03.16 14:50;СБ;Спутник;Кирпичная;Tram
43;20.03.16 15:02;СБ;Спутник;Кирпичная;Tram
43;20.03.16 15:14;СБ;Спутник;Кирпичная;Tram
43;20.03.16 15:26;СБ;Спутник;Кирпичная;Tram
43;20.03.16 15:39;СБ;Спутник;Кирпичная;Tram
43;20.03.16 15:52;СБ;Спутник;Кирпичная;Tram
43;20.03.16 16:05;СБ;Спутник;Кирпичная;Tram
43;20.03.16 16:17;СБ;Спутник;Кирпичная;Tram
43;20.03.16 16:30;СБ;Спутник;Кирпичная;Tram
43;20.03.16 16:43;СБ;Спутник;Кирпичная;Tram
43;20.03.16 16:56;СБ;Спутник;Кирпичная;Tram
43;20.03.16 17:10;СБ;Спутник;Кирпичная;Tram
43;20.03.16 17:25;СБ;Спутник;Кирпичная;Tram
43;20.03.16 17:40;СБ;Спутник;Кирпичная;Tram
43;20.03.16 17:55;СБ;Спутник;Кирпичная;Tram
43;20.03.16 18:11;СБ;Спутник;Кирпичная;Tram
43;20.03.16 18:27;СБ;Спутник;Кирпичная;Tram
43;20.03.16 18:45;СБ;Спутник;Кирпичная;Tram
43;20.03.16 19:01;СБ;Спутник;Кирпичная;Tram
43;20.03.16 19:16;СБ;Спутник;Кирпичная;Tram
43;20.03.16 19:31;СБ;Спутник;Кирпичная;Tram
43;20.03.16 19:46;СБ;Спутник;Кирпичная;Tram
43;20.03.16 20:01;СБ;Спутник;Кирпичная;Tram
43;20.03.16 20:15;СБ;Спутник;Кирпичная;Tram
43;20.03.16 20:29;СБ;Спутник;Кирпичная;Tram
43;20.03.16 20:43;СБ;Спутник;Кирпичная;Tram
43;20.03.16 20:59;СБ;Спутник;Кирпичная;Tram
43;20.03.16 21:15;СБ;Спутник;Кирпичная;Tram
43;20.03.16 21:26;СБ;Спутник;Кирпичная;Tram
43;20.03.16 21:39;СБ;Спутник;Кирпичная;Tram
43;20.03.16 21:51;СБ;Спутник;Кирпичная;Tram
43;20.03.16 22:03;СБ;Спутник;Кирпичная;Tram
43;20.03.16 22:15;СБ;Спутник;Кирпичная;Tram
43;20.03.16 22:27;СБ;Спутник;Кирпичная;Tram
43;20.03.16 22:38;СБ;Спутник;Кирпичная;Tram
43;20.03.16 22:50;СБ;Спутник;Кирпичная;Tram
43;20.03.16 23:12;СБ;Спутник;Кирпичная;Tram
43;20.03.16 23:35;СБ;Спутник;Кирпичная;Tram
43;20.03.16 23:58;СБ;Спутник;Кирпичная;Tram
43;20.03.16 0:22;СБ;Спутник;Кирпичная;Tram
43;20.03.16 6:11;ВС;Спутник;Кирпичная;Tram
43;20.03.16 6:33;ВС;Спутник;Кирпичная;Tram
43;20.03.16 6:53;ВС;Спутник;Кирпичная;Tram
43;20.03.16 7:13;ВС;Спутник;Кирпичная;Tram
43;20.03.16 7:31;ВС;Спутник;Кирпичная;Tram
43;20.03.16 7:50;ВС;Спутник;Кирпичная;Tram
43;20.03.16 8:09;ВС;Спутник;Кирпичная;Tram
43;20.03.16 8:23;ВС;Спутник;Кирпичная;Tram
43;20.03.16 8:37;ВС;Спутник;Кирпичная;Tram
43;20.03.16 8:51;ВС;Спутник;Кирпичная;Tram
43;20.03.16 9:05;ВС;Спутник;Кирпичная;Tram
43;20.03.16 9:21;ВС;Спутник;Кирпичная;Tram
43;20.03.16 9:37;ВС;Спутник;Кирпичная;Tram
43;20.03.16 9:55;ВС;Спутник;Кирпичная;Tram
43;20.03.16 10:13;ВС;Спутник;Кирпичная;Tram
43;20.03.16 10:29;ВС;Спутник;Кирпичная;Tram
43;20.03.16 10:45;ВС;Спутник;Кирпичная;Tram
43;20.03.16 11:02;ВС;Спутник;Кирпичная;Tram
43;20.03.16 11:19;ВС;Спутник;Кирпичная;Tram
43;20.03.16 11:36;ВС;Спутник;Кирпичная;Tram
43;20.03.16 11:53;ВС;Спутник;Кирпичная;Tram
43;20.03.16 12:10;ВС;Спутник;Кирпичная;Tram
43;20.03.16 12:24;ВС;Спутник;Кирпичная;Tram
43;20.03.16 12:38;ВС;Спутник;Кирпичная;Tram
43;20.03.16 12:53;ВС;Спутник;Кирпичная;Tram
43;20.03.16 13:09;ВС;Спутник;Кирпичная;Tram
43;20.03.16 13:25;ВС;Спутник;Кирпичная;Tram
43;20.03.16 13:41;ВС;Спутник;Кирпичная;Tram
43;20.03.16 13:56;ВС;Спутник;Кирпичная;Tram
43;20.03.16 14:11;ВС;Спутник;Кирпичная;Tram
43;20.03.16 14:26;ВС;Спутник;Кирпичная;Tram
43;20.03.16 14:42;ВС;Спутник;Кирпичная;Tram
43;20.03.16 14:55;ВС;Спутник;Кирпичная;Tram
43;20.03.16 15:09;ВС;Спутник;Кирпичная;Tram
43;20.03.16 15:23;ВС;Спутник;Кирпичная;Tram
43;20.03.16 15:37;ВС;Спутник;Кирпичная;Tram
43;20.03.16 15:51;ВС;Спутник;Кирпичная;Tram
43;20.03.16 16:05;ВС;Спутник;Кирпичная;Tram
43;20.03.16 16:19;ВС;Спутник;Кирпичная;Tram
43;20.03.16 16:33;ВС;Спутник;Кирпичная;Tram
43;20.03.16 16:47;ВС;Спутник;Кирпичная;Tram
43;20.03.16 17:01;ВС;Спутник;Кирпичная;Tram
43;20.03.16 17:16;ВС;Спутник;Кирпичная;Tram
43;20.03.16 17:31;ВС;Спутник;Кирпичная;Tram
43;20.03.16 17:47;ВС;Спутник;Кирпичная;Tram
43;20.03.16 18:03;ВС;Спутник;Кирпичная;Tram
43;20.03.16 18:21;ВС;Спутник;Кирпичная;Tram
43;20.03.16 18:39;ВС;Спутник;Кирпичная;Tram
43;20.03.16 18:57;ВС;Спутник;Кирпичная;Tram
43;20.03.16 19:14;ВС;Спутник;Кирпичная;Tram
43;20.03.16 19:30;ВС;Спутник;Кирпичная;Tram
43;20.03.16 19:46;ВС;Спутник;Кирпичная;Tram
43;20.03.16 20:02;ВС;Спутник;Кирпичная;Tram
43;20.03.16 20:21;ВС;Спутник;Кирпичная;Tram
43;20.03.16 20:40;ВС;Спутник;Кирпичная;Tram
43;20.03.16 21:04;ВС;Спутник;Кирпичная;Tram
43;20.03.16 21:13;ВС;Спутник;Кирпичная;Tram
43;20.03.16 21:26;ВС;Спутник;Кирпичная;Tram
43;20.03.16 21:38;ВС;Спутник;Кирпичная;Tram
43;20.03.16 21:51;ВС;Спутник;Кирпичная;Tram
43;20.03.16 22:03;ВС;Спутник;Кирпичная;Tram
43;20.03.16 22:16;ВС;Спутник;Кирпичная;Tram
43;20.03.16 22:28;ВС;Спутник;Кирпичная;Tram
43;20.03.16 22:40;ВС;Спутник;Кирпичная;Tram
43;20.03.16 23:05;ВС;Спутник;Кирпичная;Tram
43;20.03.16 23:29;ВС;Спутник;Кирпичная;Tram
43;20.03.16 23:54;ВС;Спутник;Кирпичная;Tram
43;20.03.16 0:13;ВС;Спутник;Кирпичная;Tram
43;20.03.16 5:35;ПН,ВТ,СР,ЧТ,ПТ;Кирпичная;Спутник;Tram
43;20.03.16 5:51;ПН,ВТ,СР,ЧТ,ПТ;Кирпичная;Спутник;Tram
43;20.03.16 6:06;ПН,ВТ,СР,ЧТ,ПТ;Кирпичная;Спутник;Tram
43;20.03.16 6:22;ПН,ВТ,СР,ЧТ,ПТ;Кирпичная;Спутник;Tram
43;20.03.16 6:37;ПН,ВТ,СР,ЧТ,ПТ;Кирпичная;Спутник;Tram
43;20.03.16 6:45;ПН,ВТ,СР,ЧТ,ПТ;Кирпичная;Спутник;Tram
43;20.03.16 6:52;ПН,ВТ,СР,ЧТ,ПТ;Кирпичная;Спутник;Tram
43;20.03.16 7:00;ПН,ВТ,СР,ЧТ,ПТ;Кирпичная;Спутник;Tram
43;20.03.16 7:08;ПН,ВТ,СР,ЧТ,ПТ;Кирпичная;Спутник;Tram
43;20.03.16 7:18;ПН,ВТ,СР,ЧТ,ПТ;Кирпичная;Спутник;Tram
43;20.03.16 7:28;ПН,ВТ,СР,ЧТ,ПТ;Кирпичная;Спутник;Tram
43;20.03.16 7:37;ПН,ВТ,СР,ЧТ,ПТ;Кирпичная;Спутник;Tram
43;20.03.16 7:45;ПН,ВТ,СР,ЧТ,ПТ;Кирпичная;Спутник;Tram
43;20.03.16 7:57;ПН,ВТ,СР,ЧТ,ПТ;Кирпичная;Спутник;Tram
43;20.03.16 8:08;ПН,ВТ,СР,ЧТ,ПТ;Кирпичная;Спутник;Tram
43;20.03.16 8:18;ПН,ВТ,СР,ЧТ,ПТ;Кирпичная;Спутник;Tram
43;20.03.16 8:27;ПН,ВТ,СР,ЧТ,ПТ;Кирпичная;Спутник;Tram
43;20.03.16 8:36;ПН,ВТ,СР,ЧТ,ПТ;Кирпичная;Спутник;Tram
43;20.03.16 8:45;ПН,ВТ,СР,ЧТ,ПТ;Кирпичная;Спутник;Tram
43;20.03.16 8:53;ПН,ВТ,СР,ЧТ,ПТ;Кирпичная;Спутник;Tram
43;20.03.16 9:02;ПН,ВТ,СР,ЧТ,ПТ;Кирпичная;Спутник;Tram
43;20.03.16 9:10;ПН,ВТ,СР,ЧТ,ПТ;Кирпичная;Спутник;Tram
43;20.03.16 9:19;ПН,ВТ,СР,ЧТ,ПТ;Кирпичная;Спутник;Tram
43;20.03.16 9:29;ПН,ВТ,СР,ЧТ,ПТ;Кирпичная;Спутник;Tram
43;20.03.16 9:40;ПН,ВТ,СР,ЧТ,ПТ;Кирпичная;Спутник;Tram
43;20.03.16 9:51;ПН,ВТ,СР,ЧТ,ПТ;Кирпичная;Спутник;Tram
43;20.03.16 10:03;ПН,ВТ,СР,ЧТ,ПТ;Кирпичная;Спутник;Tram
43;20.03.16 10:14;ПН,ВТ,СР,ЧТ,ПТ;Кирпичная;Спутник;Tram
43;20.03.16 10:26;ПН,ВТ,СР,ЧТ,ПТ;Кирпичная;Спутник;Tram
43;20.03.16 10:38;ПН,ВТ,СР,ЧТ,ПТ;Кирпичная;Спутник;Tram
43;20.03.16 10:49;ПН,ВТ,СР,ЧТ,ПТ;Кирпичная;Спутник;Tram
43;20.03.16 11:01;ПН,ВТ,СР,ЧТ,ПТ;Кирпичная;Спутник;Tram
43;20.03.16 11:12;ПН,ВТ,СР,ЧТ,ПТ;Кирпичная;Спутник;Tram
43;20.03.16 11:23;ПН,ВТ,СР,ЧТ,ПТ;Кирпичная;Спутник;Tram
43;20.03.16 11:36;ПН,ВТ,СР,ЧТ,ПТ;Кирпичная;Спутник;Tram
43;20.03.16 11:50;ПН,ВТ,СР,ЧТ,ПТ;Кирпичная;Спутник;Tram
43;20.03.16 12:04;ПН,ВТ,СР,ЧТ,ПТ;Кирпичная;Спутник;Tram
43;20.03.16 12:19;ПН,ВТ,СР,ЧТ,ПТ;Кирпичная;Спутник;Tram
43;20.03.16 12:34;ПН,ВТ,СР,ЧТ,ПТ;Кирпичная;Спутник;Tram
43;20.03.16 12:49;ПН,ВТ,СР,ЧТ,ПТ;Кирпичная;Спутник;Tram
43;20.03.16 13:04;ПН,ВТ,СР,ЧТ,ПТ;Кирпичная;Спутник;Tram
43;20.03.16 13:19;ПН,ВТ,СР,ЧТ,ПТ;Кирпичная;Спутник;Tram
43;20.03.16 13:34;ПН,ВТ,СР,ЧТ,ПТ;Кирпичная;Спутник;Tram
43;20.03.16 13:49;ПН,ВТ,СР,ЧТ,ПТ;Кирпичная;Спутник;Tram
43;20.03.16 14:01;ПН,ВТ,СР,ЧТ,ПТ;Кирпичная;Спутник;Tram
43;20.03.16 14:13;ПН,ВТ,СР,ЧТ,ПТ;Кирпичная;Спутник;Tram
43;20.03.16 14:26;ПН,ВТ,СР,ЧТ,ПТ;Кирпичная;Спутник;Tram
43;20.03.16 14:38;ПН,ВТ,СР,ЧТ,ПТ;Кирпичная;Спутник;Tram
43;20.03.16 14:50;ПН,ВТ,СР,ЧТ,ПТ;Кирпичная;Спутник;Tram
43;20.03.16 15:03;ПН,ВТ,СР,ЧТ,ПТ;Кирпичная;Спутник;Tram
43;20.03.16 15:17;ПН,ВТ,СР,ЧТ,ПТ;Кирпичная;Спутник;Tram
43;20.03.16 15:32;ПН,ВТ,СР,ЧТ,ПТ;Кирпичная;Спутник;Tram
43;20.03.16 15:48;ПН,ВТ,СР,ЧТ,ПТ;Кирпичная;Спутник;Tram
43;20.03.16 16:02;ПН,ВТ,СР,ЧТ,ПТ;Кирпичная;Спутник;Tram
43;20.03.16 16:15;ПН,ВТ,СР,ЧТ,ПТ;Кирпичная;Спутник;Tram
43;20.03.16 16:26;ПН,ВТ,СР,ЧТ,ПТ;Кирпичная;Спутник;Tram
43;20.03.16 16:36;ПН,ВТ,СР,ЧТ,ПТ;Кирпичная;Спутник;Tram
43;20.03.16 16:46;ПН,ВТ,СР,ЧТ,ПТ;Кирпичная;Спутник;Tram
43;20.03.16 16:56;ПН,ВТ,СР,ЧТ,ПТ;Кирпичная;Спутник;Tram
43;20.03.16 17:06;ПН,ВТ,СР,ЧТ,ПТ;Кирпичная;Спутник;Tram
43;20.03.16 17:15;ПН,ВТ,СР,ЧТ,ПТ;Кирпичная;Спутник;Tram
43;20.03.16 17:24;ПН,ВТ,СР,ЧТ,ПТ;Кирпичная;Спутник;Tram
43;20.03.16 17:34;ПН,ВТ,СР,ЧТ,ПТ;Кирпичная;Спутник;Tram
43;20.03.16 17:43;ПН,ВТ,СР,ЧТ,ПТ;Кирпичная;Спутник;Tram
43;20.03.16 17:52;ПН,ВТ,СР,ЧТ,ПТ;Кирпичная;Спутник;Tram
43;20.03.16 18:02;ПН,ВТ,СР,ЧТ,ПТ;Кирпичная;Спутник;Tram
43;20.03.16 18:11;ПН,ВТ,СР,ЧТ,ПТ;Кирпичная;Спутник;Tram
43;20.03.16 18:21;ПН,ВТ,СР,ЧТ,ПТ;Кирпичная;Спутник;Tram
43;20.03.16 18:33;ПН,ВТ,СР,ЧТ,ПТ;Кирпичная;Спутник;Tram
43;20.03.16 18:44;ПН,ВТ,СР,ЧТ,ПТ;Кирпичная;Спутник;Tram
43;20.03.16 18:56;ПН,ВТ,СР,ЧТ,ПТ;Кирпичная;Спутник;Tram
43;20.03.16 19:08;ПН,ВТ,СР,ЧТ,ПТ;Кирпичная;Спутник;Tram
43;20.03.16 19:19;ПН,ВТ,СР,ЧТ,ПТ;Кирпичная;Спутник;Tram
43;20.03.16 19:30;ПН,ВТ,СР,ЧТ,ПТ;Кирпичная;Спутник;Tram
43;20.03.16 19:39;ПН,ВТ,СР,ЧТ,ПТ;Кирпичная;Спутник;Tram
43;20.03.16 19:47;ПН,ВТ,СР,ЧТ,ПТ;Кирпичная;Спутник;Tram
43;20.03.16 19:58;ПН,ВТ,СР,ЧТ,ПТ;Кирпичная;Спутник;Tram
43;20.03.16 20:08;ПН,ВТ,СР,ЧТ,ПТ;Кирпичная;Спутник;Tram
43;20.03.16 20:19;ПН,ВТ,СР,ЧТ,ПТ;Кирпичная;Спутник;Tram
43;20.03.16 20:29;ПН,ВТ,СР,ЧТ,ПТ;Кирпичная;Спутник;Tram
43;20.03.16 20:39;ПН,ВТ,СР,ЧТ,ПТ;Кирпичная;Спутник;Tram
43;20.03.16 20:49;ПН,ВТ,СР,ЧТ,ПТ;Кирпичная;Спутник;Tram
43;20.03.16 20:59;ПН,ВТ,СР,ЧТ,ПТ;Кирпичная;Спутник;Tram
43;20.03.16 21:10;ПН,ВТ,СР,ЧТ,ПТ;Кирпичная;Спутник;Tram
43;20.03.16 21:22;ПН,ВТ,СР,ЧТ,ПТ;Кирпичная;Спутник;Tram
43;20.03.16 21:35;ПН,ВТ,СР,ЧТ,ПТ;Кирпичная;Спутник;Tram
43;20.03.16 21:52;ПН,ВТ,СР,ЧТ,ПТ;Кирпичная;Спутник;Tram
43;20.03.16 22:09;ПН,ВТ,СР,ЧТ,ПТ;Кирпичная;Спутник;Tram
43;20.03.16 22:25;ПН,ВТ,СР,ЧТ,ПТ;Кирпичная;Спутник;Tram
43;20.03.16 22:42;ПН,ВТ,СР,ЧТ,ПТ;Кирпичная;Спутник;Tram
43;20.03.16 23:00;ПН,ВТ,СР,ЧТ,ПТ;Кирпичная;Спутник;Tram
43;20.03.16 23:18;ПН,ВТ,СР,ЧТ,ПТ;Кирпичная;Спутник;Tram
43;20.03.16 23:36;ПН,ВТ,СР,ЧТ,ПТ;Кирпичная;Спутник;Tram
43;20.03.16 23:54;ПН,ВТ,СР,ЧТ,ПТ;Кирпичная;Спутник;Tram
43;20.03.16 0:16;ПН,ВТ,СР,ЧТ,ПТ;Кирпичная;Спутник;Tram
43;20.03.16 5:35;СБ;Кирпичная;Спутник;Tram
43;20.03.16 5:51;СБ;Кирпичная;Спутник;Tram
43;20.03.16 6:15;СБ;Кирпичная;Спутник;Tram
43;20.03.16 6:31;СБ;Кирпичная;Спутник;Tram
43;20.03.16 6:53;СБ;Кирпичная;Спутник;Tram
43;20.03.16 7:13;СБ;Кирпичная;Спутник;Tram
43;20.03.16 7:33;СБ;Кирпичная;Спутник;Tram
43;20.03.16 7:43;СБ;Кирпичная;Спутник;Tram
43;20.03.16 7:54;СБ;Кирпичная;Спутник;Tram
43;20.03.16 8:12;СБ;Кирпичная;Спутник;Tram
43;20.03.16 8:31;СБ;Кирпичная;Спутник;Tram
43;20.03.16 8:45;СБ;Кирпичная;Спутник;Tram
43;20.03.16 8:59;СБ;Кирпичная;Спутник;Tram
43;20.03.16 9:13;СБ;Кирпичная;Спутник;Tram
43;20.03.16 9:27;СБ;Кирпичная;Спутник;Tram
43;20.03.16 9:43;СБ;Кирпичная;Спутник;Tram
43;20.03.16 9:59;СБ;Кирпичная;Спутник;Tram
43;20.03.16 10:15;СБ;Кирпичная;Спутник;Tram
43;20.03.16 10:33;СБ;Кирпичная;Спутник;Tram
43;20.03.16 10:51;СБ;Кирпичная;Спутник;Tram
43;20.03.16 11:07;СБ;Кирпичная;Спутник;Tram
43;20.03.16 11:21;СБ;Кирпичная;Спутник;Tram
43;20.03.16 11:35;СБ;Кирпичная;Спутник;Tram
43;20.03.16 11:49;СБ;Кирпичная;Спутник;Tram
43;20.03.16 12:03;СБ;Кирпичная;Спутник;Tram
43;20.03.16 12:17;СБ;Кирпичная;Спутник;Tram
43;20.03.16 12:31;СБ;Кирпичная;Спутник;Tram
43;20.03.16 12:45;СБ;Кирпичная;Спутник;Tram
43;20.03.16 12:59;СБ;Кирпичная;Спутник;Tram
43;20.03.16 13:13;СБ;Кирпичная;Спутник;Tram
43;20.03.16 13:27;СБ;Кирпичная;Спутник;Tram
43;20.03.16 13:41;СБ;Кирпичная;Спутник;Tram
43;20.03.16 13:55;СБ;Кирпичная;Спутник;Tram
43;20.03.16 14:08;СБ;Кирпичная;Спутник;Tram
43;20.03.16 14:21;СБ;Кирпичная;Спутник;Tram
43;20.03.16 14:33;СБ;Кирпичная;Спутник;Tram
43;20.03.16 14:46;СБ;Кирпичная;Спутник;Tram
43;20.03.16 14:59;СБ;Кирпичная;Спутник;Tram
43;20.03.16 15:12;СБ;Кирпичная;Спутник;Tram
43;20.03.16 15:24;СБ;Кирпичная;Спутник;Tram
43;20.03.16 15:36;СБ;Кирпичная;Спутник;Tram
43;20.03.16 15:48;СБ;Кирпичная;Спутник;Tram
43;20.03.16 16:01;СБ;Кирпичная;Спутник;Tram
43;20.03.16 16:14;СБ;Кирпичная;Спутник;Tram
43;20.03.16 16:27;СБ;Кирпичная;Спутник;Tram
43;20.03.16 16:39;СБ;Кирпичная;Спутник;Tram
43;20.03.16 16:52;СБ;Кирпичная;Спутник;Tram
43;20.03.16 17:05;СБ;Кирпичная;Спутник;Tram
43;20.03.16 17:18;СБ;Кирпичная;Спутник;Tram
43;20.03.16 17:32;СБ;Кирпичная;Спутник;Tram
43;20.03.16 17:47;СБ;Кирпичная;Спутник;Tram
43;20.03.16 18:02;СБ;Кирпичная;Спутник;Tram
43;20.03.16 18:17;СБ;Кирпичная;Спутник;Tram
43;20.03.16 18:33;СБ;Кирпичная;Спутник;Tram
43;20.03.16 18:49;СБ;Кирпичная;Спутник;Tram
43;20.03.16 19:07;СБ;Кирпичная;Спутник;Tram
43;20.03.16 19:23;СБ;Кирпичная;Спутник;Tram
43;20.03.16 19:38;СБ;Кирпичная;Спутник;Tram
43;20.03.16 19:53;СБ;Кирпичная;Спутник;Tram
43;20.03.16 20:08;СБ;Кирпичная;Спутник;Tram
43;20.03.16 20:23;СБ;Кирпичная;Спутник;Tram
43;20.03.16 20:37;СБ;Кирпичная;Спутник;Tram
43;20.03.16 20:51;СБ;Кирпичная;Спутник;Tram
43;20.03.16 21:05;СБ;Кирпичная;Спутник;Tram
43;20.03.16 21:19;СБ;Кирпичная;Спутник;Tram
43;20.03.16 21:35;СБ;Кирпичная;Спутник;Tram
43;20.03.16 21:59;СБ;Кирпичная;Спутник;Tram
43;20.03.16 22:23;СБ;Кирпичная;Спутник;Tram
43;20.03.16 22:47;СБ;Кирпичная;Спутник;Tram
43;20.03.16 23:10;СБ;Кирпичная;Спутник;Tram
43;20.03.16 23:32;СБ;Кирпичная;Спутник;Tram
43;20.03.16 23:55;СБ;Кирпичная;Спутник;Tram
43;20.03.16 0:18;СБ;Кирпичная;Спутник;Tram
43;20.03.16 5:35;ВС;Кирпичная;Спутник;Tram
43;20.03.16 5:55;ВС;Кирпичная;Спутник;Tram
43;20.03.16 6:15;ВС;Кирпичная;Спутник;Tram
43;20.03.16 6:31;ВС;Кирпичная;Спутник;Tram
43;20.03.16 6:53;ВС;Кирпичная;Спутник;Tram
43;20.03.16 7:13;ВС;Кирпичная;Спутник;Tram
43;20.03.16 7:33;ВС;Кирпичная;Спутник;Tram
43;20.03.16 7:53;ВС;Кирпичная;Спутник;Tram
43;20.03.16 8:12;ВС;Кирпичная;Спутник;Tram
43;20.03.16 8:31;ВС;Кирпичная;Спутник;Tram
43;20.03.16 8:45;ВС;Кирпичная;Спутник;Tram
43;20.03.16 8:59;ВС;Кирпичная;Спутник;Tram
43;20.03.16 9:13;ВС;Кирпичная;Спутник;Tram
43;20.03.16 9:27;ВС;Кирпичная;Спутник;Tram
43;20.03.16 9:43;ВС;Кирпичная;Спутник;Tram
43;20.03.16 9:59;ВС;Кирпичная;Спутник;Tram
43;20.03.16 10:17;ВС;Кирпичная;Спутник;Tram
43;20.03.16 10:35;ВС;Кирпичная;Спутник;Tram
43;20.03.16 10:51;ВС;Кирпичная;Спутник;Tram
43;20.03.16 11:07;ВС;Кирпичная;Спутник;Tram
43;20.03.16 11:24;ВС;Кирпичная;Спутник;Tram
43;20.03.16 11:41;ВС;Кирпичная;Спутник;Tram
43;20.03.16 11:58;ВС;Кирпичная;Спутник;Tram
43;20.03.16 12:15;ВС;Кирпичная;Спутник;Tram
43;20.03.16 12:32;ВС;Кирпичная;Спутник;Tram
43;20.03.16 12:46;ВС;Кирпичная;Спутник;Tram
43;20.03.16 13:00;ВС;Кирпичная;Спутник;Tram
43;20.03.16 13:15;ВС;Кирпичная;Спутник;Tram
43;20.03.16 13:31;ВС;Кирпичная;Спутник;Tram
43;20.03.16 13:47;ВС;Кирпичная;Спутник;Tram
43;20.03.16 14:03;ВС;Кирпичная;Спутник;Tram
43;20.03.16 14:18;ВС;Кирпичная;Спутник;Tram
43;20.03.16 14:33;ВС;Кирпичная;Спутник;Tram
43;20.03.16 14:48;ВС;Кирпичная;Спутник;Tram
43;20.03.16 15:04;ВС;Кирпичная;Спутник;Tram
43;20.03.16 15:17;ВС;Кирпичная;Спутник;Tram
43;20.03.16 15:31;ВС;Кирпичная;Спутник;Tram
43;20.03.16 15:45;ВС;Кирпичная;Спутник;Tram
43;20.03.16 15:59;ВС;Кирпичная;Спутник;Tram
43;20.03.16 16:13;ВС;Кирпичная;Спутник;Tram
43;20.03.16 16:27;ВС;Кирпичная;Спутник;Tram
43;20.03.16 16:41;ВС;Кирпичная;Спутник;Tram
43;20.03.16 16:55;ВС;Кирпичная;Спутник;Tram
43;20.03.16 17:09;ВС;Кирпичная;Спутник;Tram
43;20.03.16 17:23;ВС;Кирпичная;Спутник;Tram
43;20.03.16 17:38;ВС;Кирпичная;Спутник;Tram
43;20.03.16 17:53;ВС;Кирпичная;Спутник;Tram
43;20.03.16 18:09;ВС;Кирпичная;Спутник;Tram
43;20.03.16 18:25;ВС;Кирпичная;Спутник;Tram
43;20.03.16 18:43;ВС;Кирпичная;Спутник;Tram
43;20.03.16 19:01;ВС;Кирпичная;Спутник;Tram
43;20.03.16 19:19;ВС;Кирпичная;Спутник;Tram
43;20.03.16 19:38;ВС;Кирпичная;Спутник;Tram
43;20.03.16 19:52;ВС;Кирпичная;Спутник;Tram
43;20.03.16 20:08;ВС;Кирпичная;Спутник;Tram
43;20.03.16 20:24;ВС;Кирпичная;Спутник;Tram
43;20.03.16 20:43;ВС;Кирпичная;Спутник;Tram
43;20.03.16 21:02;ВС;Кирпичная;Спутник;Tram
43;20.03.16 21:24;ВС;Кирпичная;Спутник;Tram
43;20.03.16 21:46;ВС;Кирпичная;Спутник;Tram
43;20.03.16 22:11;ВС;Кирпичная;Спутник;Tram
43;20.03.16 22:36;ВС;Кирпичная;Спутник;Tram
43;20.03.16 23:00;ВС;Кирпичная;Спутник;Tram
43;20.03.16 23:25;ВС;Кирпичная;Спутник;Tram
43;20.03.16 23:49;ВС;Кирпичная;Спутник;Tram
43;20.03.16 0:14;ВС;Кирпичная;Спутник;Tram
46;20.03.16 5:46;ПН,ВТ,СР,ЧТ,ПТ;Спутник;Кирпичная;Tram
46;20.03.16 6:03;ПН,ВТ,СР,ЧТ,ПТ;Спутник;Кирпичная;Tram
46;20.03.16 6:20;ПН,ВТ,СР,ЧТ,ПТ;Спутник;Кирпичная;Tram
46;20.03.16 6:36;ПН,ВТ,СР,ЧТ,ПТ;Спутник;Кирпичная;Tram
46;20.03.16 6:52;ПН,ВТ,СР,ЧТ,ПТ;Спутник;Кирпичная;Tram
46;20.03.16 7:10;ПН,ВТ,СР,ЧТ,ПТ;Спутник;Кирпичная;Tram
46;20.03.16 7:29;ПН,ВТ,СР,ЧТ,ПТ;Спутник;Кирпичная;Tram
46;20.03.16 7:49;ПН,ВТ,СР,ЧТ,ПТ;Спутник;Кирпичная;Tram
46;20.03.16 7:59;ПН,ВТ,СР,ЧТ,ПТ;Спутник;Кирпичная;Tram
46;20.03.16 8:09;ПН,ВТ,СР,ЧТ,ПТ;Спутник;Кирпичная;Tram
46;20.03.16 8:20;ПН,ВТ,СР,ЧТ,ПТ;Спутник;Кирпичная;Tram
46;20.03.16 8:31;ПН,ВТ,СР,ЧТ,ПТ;Спутник;Кирпичная;Tram
46;20.03.16 8:39;ПН,ВТ,СР,ЧТ,ПТ;Спутник;Кирпичная;Tram
46;20.03.16 8:47;ПН,ВТ,СР,ЧТ,ПТ;Спутник;Кирпичная;Tram
46;20.03.16 9:03;ПН,ВТ,СР,ЧТ,ПТ;Спутник;Кирпичная;Tram
46;20.03.16 9:16;ПН,ВТ,СР,ЧТ,ПТ;Спутник;Кирпичная;Tram
46;20.03.16 9:29;ПН,ВТ,СР,ЧТ,ПТ;Спутник;Кирпичная;Tram
46;20.03.16 9:40;ПН,ВТ,СР,ЧТ,ПТ;Спутник;Кирпичная;Tram
46;20.03.16 9:53;ПН,ВТ,СР,ЧТ,ПТ;Спутник;Кирпичная;Tram
46;20.03.16 10:05;ПН,ВТ,СР,ЧТ,ПТ;Спутник;Кирпичная;Tram
46;20.03.16 10:16;ПН,ВТ,СР,ЧТ,ПТ;Спутник;Кирпичная;Tram
46;20.03.16 10:29;ПН,ВТ,СР,ЧТ,ПТ;Спутник;Кирпичная;Tram
46;20.03.16 10:41;ПН,ВТ,СР,ЧТ,ПТ;Спутник;Кирпичная;Tram
46;20.03.16 10:52;ПН,ВТ,СР,ЧТ,ПТ;Спутник;Кирпичная;Tram
46;20.03.16 11:07;ПН,ВТ,СР,ЧТ,ПТ;Спутник;Кирпичная;Tram
46;20.03.16 11:27;ПН,ВТ,СР,ЧТ,ПТ;Спутник;Кирпичная;Tram
46;20.03.16 11:47;ПН,ВТ,СР,ЧТ,ПТ;Спутник;Кирпичная;Tram
46;20.03.16 10:07;ПН,ВТ,СР,ЧТ,ПТ;Спутник;Кирпичная;Tram
46;20.03.16 12:27;ПН,ВТ,СР,ЧТ,ПТ;Спутник;Кирпичная;Tram
46;20.03.16 12:44;ПН,ВТ,СР,ЧТ,ПТ;Спутник;Кирпичная;Tram
46;20.03.16 13:01;ПН,ВТ,СР,ЧТ,ПТ;Спутник;Кирпичная;Tram
46;20.03.16 13:16;ПН,ВТ,СР,ЧТ,ПТ;Спутник;Кирпичная;Tram
46;20.03.16 13:30;ПН,ВТ,СР,ЧТ,ПТ;Спутник;Кирпичная;Tram
46;20.03.16 13:44;ПН,ВТ,СР,ЧТ,ПТ;Спутник;Кирпичная;Tram
46;20.03.16 13:58;ПН,ВТ,СР,ЧТ,ПТ;Спутник;Кирпичная;Tram
46;20.03.16 14:12;ПН,ВТ,СР,ЧТ,ПТ;Спутник;Кирпичная;Tram
46;20.03.16 14:25;ПН,ВТ,СР,ЧТ,ПТ;Спутник;Кирпичная;Tram
46;20.03.16 14:37;ПН,ВТ,СР,ЧТ,ПТ;Спутник;Кирпичная;Tram
46;20.03.16 14:50;ПН,ВТ,СР,ЧТ,ПТ;Спутник;Кирпичная;Tram
46;20.03.16 15:02;ПН,ВТ,СР,ЧТ,ПТ;Спутник;Кирпичная;Tram
46;20.03.16 15:15;ПН,ВТ,СР,ЧТ,ПТ;Спутник;Кирпичная;Tram
46;20.03.16 15:29;ПН,ВТ,СР,ЧТ,ПТ;Спутник;Кирпичная;Tram
46;20.03.16 15:45;ПН,ВТ,СР,ЧТ,ПТ;Спутник;Кирпичная;Tram
46;20.03.16 15:59;ПН,ВТ,СР,ЧТ,ПТ;Спутник;Кирпичная;Tram
46;20.03.16 16:15;ПН,ВТ,СР,ЧТ,ПТ;Спутник;Кирпичная;Tram
46;20.03.16 16:29;ПН,ВТ,СР,ЧТ,ПТ;Спутник;Кирпичная;Tram
46;20.03.16 16:43;ПН,ВТ,СР,ЧТ,ПТ;Спутник;Кирпичная;Tram
46;20.03.16 16:58;ПН,ВТ,СР,ЧТ,ПТ;Спутник;Кирпичная;Tram
46;20.03.16 17:11;ПН,ВТ,СР,ЧТ,ПТ;Спутник;Кирпичная;Tram
46;20.03.16 17:23;ПН,ВТ,СР,ЧТ,ПТ;Спутник;Кирпичная;Tram
46;20.03.16 17:37;ПН,ВТ,СР,ЧТ,ПТ;Спутник;Кирпичная;Tram
46;20.03.16 17:50;ПН,ВТ,СР,ЧТ,ПТ;Спутник;Кирпичная;Tram
46;20.03.16 17:55;ПН,ВТ,СР,ЧТ,ПТ;Спутник;Кирпичная;Tram
46;20.03.16 18:03;ПН,ВТ,СР,ЧТ,ПТ;Спутник;Кирпичная;Tram
46;20.03.16 18:17;ПН,ВТ,СР,ЧТ,ПТ;Спутник;Кирпичная;Tram
46;20.03.16 18:25;ПН,ВТ,СР,ЧТ,ПТ;Спутник;Кирпичная;Tram
46;20.03.16 18:32;ПН,ВТ,СР,ЧТ,ПТ;Спутник;Кирпичная;Tram
46;20.03.16 18:46;ПН,ВТ,СР,ЧТ,ПТ;Спутник;Кирпичная;Tram
46;20.03.16 19:02;ПН,ВТ,СР,ЧТ,ПТ;Спутник;Кирпичная;Tram
46;20.03.16 19:16;ПН,ВТ,СР,ЧТ,ПТ;Спутник;Кирпичная;Tram
46;20.03.16 19:33;ПН,ВТ,СР,ЧТ,ПТ;Спутник;Кирпичная;Tram
46;20.03.16 19:47;ПН,ВТ,СР,ЧТ,ПТ;Спутник;Кирпичная;Tram
46;20.03.16 20:02;ПН,ВТ,СР,ЧТ,ПТ;Спутник;Кирпичная;Tram
46;20.03.16 20:15;ПН,ВТ,СР,ЧТ,ПТ;Спутник;Кирпичная;Tram
46;20.03.16 20:13;ПН,ВТ,СР,ЧТ,ПТ;Спутник;Кирпичная;Tram
46;20.03.16 20:42;ПН,ВТ,СР,ЧТ,ПТ;Спутник;Кирпичная;Tram
46;20.03.16 20:53;ПН,ВТ,СР,ЧТ,ПТ;Спутник;Кирпичная;Tram
46;20.03.16 21:06;ПН,ВТ,СР,ЧТ,ПТ;Спутник;Кирпичная;Tram
46;20.03.16 21:20;ПН,ВТ,СР,ЧТ,ПТ;Спутник;Кирпичная;Tram
46;20.03.16 21:33;ПН,ВТ,СР,ЧТ,ПТ;Спутник;Кирпичная;Tram
46;20.03.16 21:50;ПН,ВТ,СР,ЧТ,ПТ;Спутник;Кирпичная;Tram
46;20.03.16 22:06;ПН,ВТ,СР,ЧТ,ПТ;Спутник;Кирпичная;Tram
46;20.03.16 22:25;ПН,ВТ,СР,ЧТ,ПТ;Спутник;Кирпичная;Tram
46;20.03.16 22:51;ПН,ВТ,СР,ЧТ,ПТ;Спутник;Кирпичная;Tram
46;20.03.16 23:13;ПН,ВТ,СР,ЧТ,ПТ;Спутник;Кирпичная;Tram
46;20.03.16 23:35;ПН,ВТ,СР,ЧТ,ПТ;Спутник;Кирпичная;Tram
46;20.03.16 23:56;ПН,ВТ,СР,ЧТ,ПТ;Спутник;Кирпичная;Tram
46;20.03.16 5:46;СБ,ВС;Спутник;Кирпичная;Tram
46;20.03.16 6:06;СБ,ВС;Спутник;Кирпичная;Tram
46;20.03.16 6:26;СБ,ВС;Спутник;Кирпичная;Tram
46;20.03.16 6:46;СБ,ВС;Спутник;Кирпичная;Tram
46;20.03.16 7:05;СБ,ВС;Спутник;Кирпичная;Tram
46;20.03.16 7:21;СБ,ВС;Спутник;Кирпичная;Tram
46;20.03.16 7:39;СБ,ВС;Спутник;Кирпичная;Tram
46;20.03.16 7:56;СБ,ВС;Спутник;Кирпичная;Tram
46;20.03.16 8:16;СБ,ВС;Спутник;Кирпичная;Tram
46;20.03.16 8:26;СБ,ВС;Спутник;Кирпичная;Tram
46;20.03.16 8:36;СБ,ВС;Спутник;Кирпичная;Tram
46;20.03.16 8:46;СБ,ВС;Спутник;Кирпичная;Tram
46;20.03.16 8:55;СБ,ВС;Спутник;Кирпичная;Tram
46;20.03.16 9:14;СБ,ВС;Спутник;Кирпичная;Tram
46;20.03.16 9:26;СБ,ВС;Спутник;Кирпичная;Tram
46;20.03.16 9:38;СБ,ВС;Спутник;Кирпичная;Tram
46;20.03.16 9:50;СБ,ВС;Спутник;Кирпичная;Tram
46;20.03.16 10:02;СБ,ВС;Спутник;Кирпичная;Tram
46;20.03.16 10:21;СБ,ВС;Спутник;Кирпичная;Tram
46;20.03.16 10:40;СБ,ВС;Спутник;Кирпичная;Tram
46;20.03.16 10:59;СБ,ВС;Спутник;Кирпичная;Tram
46;20.03.16 11:17;СБ,ВС;Спутник;Кирпичная;Tram
46;20.03.16 11:35;СБ,ВС;Спутник;Кирпичная;Tram
46;20.03.16 11:53;СБ,ВС;Спутник;Кирпичная;Tram
46;20.03.16 12:09;СБ,ВС;Спутник;Кирпичная;Tram
46;20.03.16 12:25;СБ,ВС;Спутник;Кирпичная;Tram
46;20.03.16 12:38;СБ,ВС;Спутник;Кирпичная;Tram
46;20.03.16 12:51;СБ,ВС;Спутник;Кирпичная;Tram
46;20.03.16 13:04;СБ,ВС;Спутник;Кирпичная;Tram
46;20.03.16 13:17;СБ,ВС;Спутник;Кирпичная;Tram
46;20.03.16 13:30;СБ,ВС;Спутник;Кирпичная;Tram
46;20.03.16 13:43;СБ,ВС;Спутник;Кирпичная;Tram
46;20.03.16 13:56;СБ,ВС;Спутник;Кирпичная;Tram
46;20.03.16 14:09;СБ,ВС;Спутник;Кирпичная;Tram
46;20.03.16 14:21;СБ,ВС;Спутник;Кирпичная;Tram
46;20.03.16 14:33;СБ,ВС;Спутник;Кирпичная;Tram
46;20.03.16 14:46;СБ,ВС;Спутник;Кирпичная;Tram
46;20.03.16 14:59;СБ,ВС;Спутник;Кирпичная;Tram
46;20.03.16 15:12;СБ,ВС;Спутник;Кирпичная;Tram
46;20.03.16 15:25;СБ,ВС;Спутник;Кирпичная;Tram
46;20.03.16 15:38;СБ,ВС;Спутник;Кирпичная;Tram
46;20.03.16 15:51;СБ,ВС;Спутник;Кирпичная;Tram
46;20.03.16 16:04;СБ,ВС;Спутник;Кирпичная;Tram
46;20.03.16 16:17;СБ,ВС;Спутник;Кирпичная;Tram
46;20.03.16 16:30;СБ,ВС;Спутник;Кирпичная;Tram
46;20.03.16 16:43;СБ,ВС;Спутник;Кирпичная;Tram
46;20.03.16 16:55;СБ,ВС;Спутник;Кирпичная;Tram
46;20.03.16 17:07;СБ,ВС;Спутник;Кирпичная;Tram
46;20.03.16 17:20;СБ,ВС;Спутник;Кирпичная;Tram
46;20.03.16 17:35;СБ,ВС;Спутник;Кирпичная;Tram
46;20.03.16 17:50;СБ,ВС;Спутник;Кирпичная;Tram
46;20.03.16 18:06;СБ,ВС;Спутник;Кирпичная;Tram
46;20.03.16 18:22;СБ,ВС;Спутник;Кирпичная;Tram
46;20.03.16 18:38;СБ,ВС;Спутник;Кирпичная;Tram
46;20.03.16 18:55;СБ,ВС;Спутник;Кирпичная;Tram
46;20.03.16 19:12;СБ,ВС;Спутник;Кирпичная;Tram
46;20.03.16 19:29;СБ,ВС;Спутник;Кирпичная;Tram
46;20.03.16 19:43;СБ,ВС;Спутник;Кирпичная;Tram
46;20.03.16 19:57;СБ,ВС;Спутник;Кирпичная;Tram
46;20.03.16 20:10;СБ,ВС;Спутник;Кирпичная;Tram
46;20.03.16 20:23;СБ,ВС;Спутник;Кирпичная;Tram
46;20.03.16 20:36;СБ,ВС;Спутник;Кирпичная;Tram
46;20.03.16 20:49;СБ,ВС;Спутник;Кирпичная;Tram
46;20.03.16 21:05;СБ,ВС;Спутник;Кирпичная;Tram
46;20.03.16 21:19;СБ,ВС;Спутник;Кирпичная;Tram
46;20.03.16 21:33;СБ,ВС;Спутник;Кирпичная;Tram
46;20.03.16 21:55;СБ,ВС;Спутник;Кирпичная;Tram
46;20.03.16 22:17;СБ,ВС;Спутник;Кирпичная;Tram
46;20.03.16 22:40;СБ,ВС;Спутник;Кирпичная;Tram
46;20.03.16 23:07;СБ,ВС;Спутник;Кирпичная;Tram
46;20.03.16 23:34;СБ,ВС;Спутник;Кирпичная;Tram
46;20.03.16 23:49;СБ,ВС;Спутник;Кирпичная;Tram
46;20.03.16 0:10;СБ,ВС;Спутник;Кирпичная;Tram
46;20.03.16 6:03;ПН,ВТ,СР,ЧТ,ПТ;Кирпичная;Спутник;Tram
46;20.03.16 6:19;ПН,ВТ,СР,ЧТ,ПТ;Кирпичная;Спутник;Tram
46;20.03.16 6:35;ПН,ВТ,СР,ЧТ,ПТ;Кирпичная;Спутник;Tram
46;20.03.16 6:51;ПН,ВТ,СР,ЧТ,ПТ;Кирпичная;Спутник;Tram
46;20.03.16 7:08;ПН,ВТ,СР,ЧТ,ПТ;Кирпичная;Спутник;Tram
46;20.03.16 7:24;ПН,ВТ,СР,ЧТ,ПТ;Кирпичная;Спутник;Tram
46;20.03.16 7:40;ПН,ВТ,СР,ЧТ,ПТ;Кирпичная;Спутник;Tram
46;20.03.16 7:55;ПН,ВТ,СР,ЧТ,ПТ;Кирпичная;Спутник;Tram
46;20.03.16 8:08;ПН,ВТ,СР,ЧТ,ПТ;Кирпичная;Спутник;Tram
46;20.03.16 8:21;ПН,ВТ,СР,ЧТ,ПТ;Кирпичная;Спутник;Tram
46;20.03.16 8:34;ПН,ВТ,СР,ЧТ,ПТ;Кирпичная;Спутник;Tram
46;20.03.16 8:47;ПН,ВТ,СР,ЧТ,ПТ;Кирпичная;Спутник;Tram
46;20.03.16 8:59;ПН,ВТ,СР,ЧТ,ПТ;Кирпичная;Спутник;Tram
46;20.03.16 9:12;ПН,ВТ,СР,ЧТ,ПТ;Кирпичная;Спутник;Tram
46;20.03.16 9:24;ПН,ВТ,СР,ЧТ,ПТ;Кирпичная;Спутник;Tram
46;20.03.16 9:35;ПН,ВТ,СР,ЧТ,ПТ;Кирпичная;Спутник;Tram
46;20.03.16 9:50;ПН,ВТ,СР,ЧТ,ПТ;Кирпичная;Спутник;Tram
46;20.03.16 10:10;ПН,ВТ,СР,ЧТ,ПТ;Кирпичная;Спутник;Tram
46;20.03.16 10:30;ПН,ВТ,СР,ЧТ,ПТ;Кирпичная;Спутник;Tram
46;20.03.16 10:40;ПН,ВТ,СР,ЧТ,ПТ;Кирпичная;Спутник;Tram
46;20.03.16 10:50;ПН,ВТ,СР,ЧТ,ПТ;Кирпичная;Спутник;Tram
46;20.03.16 11:10;ПН,ВТ,СР,ЧТ,ПТ;Кирпичная;Спутник;Tram
46;20.03.16 11:27;ПН,ВТ,СР,ЧТ,ПТ;Кирпичная;Спутник;Tram
46;20.03.16 11:44;ПН,ВТ,СР,ЧТ,ПТ;Кирпичная;Спутник;Tram
46;20.03.16 11:59;ПН,ВТ,СР,ЧТ,ПТ;Кирпичная;Спутник;Tram
46;20.03.16 12:13;ПН,ВТ,СР,ЧТ,ПТ;Кирпичная;Спутник;Tram
46;20.03.16 12:27;ПН,ВТ,СР,ЧТ,ПТ;Кирпичная;Спутник;Tram
46;20.03.16 12:41;ПН,ВТ,СР,ЧТ,ПТ;Кирпичная;Спутник;Tram
46;20.03.16 12:55;ПН,ВТ,СР,ЧТ,ПТ;Кирпичная;Спутник;Tram
46;20.03.16 13:08;ПН,ВТ,СР,ЧТ,ПТ;Кирпичная;Спутник;Tram
46;20.03.16 13:20;ПН,ВТ,СР,ЧТ,ПТ;Кирпичная;Спутник;Tram
46;20.03.16 13:33;ПН,ВТ,СР,ЧТ,ПТ;Кирпичная;Спутник;Tram
46;20.03.16 13:45;ПН,ВТ,СР,ЧТ,ПТ;Кирпичная;Спутник;Tram
46;20.03.16 13:57;ПН,ВТ,СР,ЧТ,ПТ;Кирпичная;Спутник;Tram
46;20.03.16 14:10;ПН,ВТ,СР,ЧТ,ПТ;Кирпичная;Спутник;Tram
46;20.03.16 14:24;ПН,ВТ,СР,ЧТ,ПТ;Кирпичная;Спутник;Tram
46;20.03.16 14:38;ПН,ВТ,СР,ЧТ,ПТ;Кирпичная;Спутник;Tram
46;20.03.16 14:52;ПН,ВТ,СР,ЧТ,ПТ;Кирпичная;Спутник;Tram
46;20.03.16 15:06;ПН,ВТ,СР,ЧТ,ПТ;Кирпичная;Спутник;Tram
46;20.03.16 15:20;ПН,ВТ,СР,ЧТ,ПТ;Кирпичная;Спутник;Tram
46;20.03.16 15:35;ПН,ВТ,СР,ЧТ,ПТ;Кирпичная;Спутник;Tram
46;20.03.16 15:28;ПН,ВТ,СР,ЧТ,ПТ;Кирпичная;Спутник;Tram
46;20.03.16 16:00;ПН,ВТ,СР,ЧТ,ПТ;Кирпичная;Спутник;Tram
46;20.03.16 16:14;ПН,ВТ,СР,ЧТ,ПТ;Кирпичная;Спутник;Tram
46;20.03.16 16:27;ПН,ВТ,СР,ЧТ,ПТ;Кирпичная;Спутник;Tram
46;20.03.16 16:40;ПН,ВТ,СР,ЧТ,ПТ;Кирпичная;Спутник;Tram
46;20.03.16 16:54;ПН,ВТ,СР,ЧТ,ПТ;Кирпичная;Спутник;Tram
46;20.03.16 17:09;ПН,ВТ,СР,ЧТ,ПТ;Кирпичная;Спутник;Tram
46;20.03.16 17:23;ПН,ВТ,СР,ЧТ,ПТ;Кирпичная;Спутник;Tram
46;20.03.16 17:39;ПН,ВТ,СР,ЧТ,ПТ;Кирпичная;Спутник;Tram
46;20.03.16 17:55;ПН,ВТ,СР,ЧТ,ПТ;Кирпичная;Спутник;Tram
46;20.03.16 18:12;ПН,ВТ,СР,ЧТ,ПТ;Кирпичная;Спутник;Tram
46;20.03.16 18:29;ПН,ВТ,СР,ЧТ,ПТ;Кирпичная;Спутник;Tram
46;20.03.16 18:46;ПН,ВТ,СР,ЧТ,ПТ;Кирпичная;Спутник;Tram
46;20.03.16 19:02;ПН,ВТ,СР,ЧТ,ПТ;Кирпичная;Спутник;Tram
46;20.03.16 19:18;ПН,ВТ,СР,ЧТ,ПТ;Кирпичная;Спутник;Tram
46;20.03.16 19:29;ПН,ВТ,СР,ЧТ,ПТ;Кирпичная;Спутник;Tram
46;20.03.16 19:40;ПН,ВТ,СР,ЧТ,ПТ;Кирпичная;Спутник;Tram
46;20.03.16 19:54;ПН,ВТ,СР,ЧТ,ПТ;Кирпичная;Спутник;Tram
46;20.03.16 20:09;ПН,ВТ,СР,ЧТ,ПТ;Кирпичная;Спутник;Tram
46;20.03.16 20:24;ПН,ВТ,СР,ЧТ,ПТ;Кирпичная;Спутник;Tram
46;20.03.16 20:33;ПН,ВТ,СР,ЧТ,ПТ;Кирпичная;Спутник;Tram
46;20.03.16 20:42;ПН,ВТ,СР,ЧТ,ПТ;Кирпичная;Спутник;Tram
46;20.03.16 20:52;ПН,ВТ,СР,ЧТ,ПТ;Кирпичная;Спутник;Tram
46;20.03.16 21:01;ПН,ВТ,СР,ЧТ,ПТ;Кирпичная;Спутник;Tram
46;20.03.16 21:20;ПН,ВТ,СР,ЧТ,ПТ;Кирпичная;Спутник;Tram
46;20.03.16 21:32;ПН,ВТ,СР,ЧТ,ПТ;Кирпичная;Спутник;Tram
46;20.03.16 21:46;ПН,ВТ,СР,ЧТ,ПТ;Кирпичная;Спутник;Tram
46;20.03.16 22:08;ПН,ВТ,СР,ЧТ,ПТ;Кирпичная;Спутник;Tram
46;20.03.16 22:30;ПН,ВТ,СР,ЧТ,ПТ;Кирпичная;Спутник;Tram
46;20.03.16 22:40;ПН,ВТ,СР,ЧТ,ПТ;Кирпичная;Спутник;Tram
46;20.03.16 22:51;ПН,ВТ,СР,ЧТ,ПТ;Кирпичная;Спутник;Tram
46;20.03.16 23:14;ПН,ВТ,СР,ЧТ,ПТ;Кирпичная;Спутник;Tram
46;20.03.16 23:39;ПН,ВТ,СР,ЧТ,ПТ;Кирпичная;Спутник;Tram
46;20.03.16 6:01;СБ,ВС;Кирпичная;Спутник;Tram
46;20.03.16 6:17;СБ,ВС;Кирпичная;Спутник;Tram
46;20.03.16 6:34;СБ,ВС;Кирпичная;Спутник;Tram
46;20.03.16 6:50;СБ,ВС;Кирпичная;Спутник;Tram
46;20.03.16 7:06;СБ,ВС;Кирпичная;Спутник;Tram
46;20.03.16 7:23;СБ,ВС;Кирпичная;Спутник;Tram
46;20.03.16 7:41;СБ,ВС;Кирпичная;Спутник;Tram
46;20.03.16 8:00;СБ,ВС;Кирпичная;Спутник;Tram
46;20.03.16 8:12;СБ,ВС;Кирпичная;Спутник;Tram
46;20.03.16 8:24;СБ,ВС;Кирпичная;Спутник;Tram
46;20.03.16 8:36;СБ,ВС;Кирпичная;Спутник;Tram
46;20.03.16 8:48;СБ,ВС;Кирпичная;Спутник;Tram
46;20.03.16 9:07;СБ,ВС;Кирпичная;Спутник;Tram
46;20.03.16 9:26;СБ,ВС;Кирпичная;Спутник;Tram
46;20.03.16 9:45;СБ,ВС;Кирпичная;Спутник;Tram
46;20.03.16 10:03;СБ,ВС;Кирпичная;Спутник;Tram
46;20.03.16 10:21;СБ,ВС;Кирпичная;Спутник;Tram
46;20.03.16 10:39;СБ,ВС;Кирпичная;Спутник;Tram
46;20.03.16 10:55;СБ,ВС;Кирпичная;Спутник;Tram
46;20.03.16 11:11;СБ,ВС;Кирпичная;Спутник;Tram
46;20.03.16 11:24;СБ,ВС;Кирпичная;Спутник;Tram
46;20.03.16 11:37;СБ,ВС;Кирпичная;Спутник;Tram
46;20.03.16 11:50;СБ,ВС;Кирпичная;Спутник;Tram
46;20.03.16 12:03;СБ,ВС;Кирпичная;Спутник;Tram
46;20.03.16 12:16;СБ,ВС;Кирпичная;Спутник;Tram
46;20.03.16 12:29;СБ,ВС;Кирпичная;Спутник;Tram
46;20.03.16 12:42;СБ,ВС;Кирпичная;Спутник;Tram
46;20.03.16 12:55;СБ,ВС;Кирпичная;Спутник;Tram
46;20.03.16 13:07;СБ,ВС;Кирпичная;Спутник;Tram
46;20.03.16 13:19;СБ,ВС;Кирпичная;Спутник;Tram
46;20.03.16 13:32;СБ,ВС;Кирпичная;Спутник;Tram
46;20.03.16 13:45;СБ,ВС;Кирпичная;Спутник;Tram
46;20.03.16 13:58;СБ,ВС;Кирпичная;Спутник;Tram
46;20.03.16 14:11;СБ,ВС;Кирпичная;Спутник;Tram
46;20.03.16 14:24;СБ,ВС;Кирпичная;Спутник;Tram
46;20.03.16 14:37;СБ,ВС;Кирпичная;Спутник;Tram
46;20.03.16 14:50;СБ,ВС;Кирпичная;Спутник;Tram
46;20.03.16 15:03;СБ,ВС;Кирпичная;Спутник;Tram
46;20.03.16 15:16;СБ,ВС;Кирпичная;Спутник;Tram
46;20.03.16 15:29;СБ,ВС;Кирпичная;Спутник;Tram
46;20.03.16 15:41;СБ,ВС;Кирпичная;Спутник;Tram
46;20.03.16 15:53;СБ,ВС;Кирпичная;Спутник;Tram
46;20.03.16 16:06;СБ,ВС;Кирпичная;Спутник;Tram
46;20.03.16 16:21;СБ,ВС;Кирпичная;Спутник;Tram
46;20.03.16 16:36;СБ,ВС;Кирпичная;Спутник;Tram
46;20.03.16 16:52;СБ,ВС;Кирпичная;Спутник;Tram
46;20.03.16 17:08;СБ,ВС;Кирпичная;Спутник;Tram
46;20.03.16 17:24;СБ,ВС;Кирпичная;Спутник;Tram
46;20.03.16 17:41;СБ,ВС;Кирпичная;Спутник;Tram
46;20.03.16 17:58;СБ,ВС;Кирпичная;Спутник;Tram
46;20.03.16 18:15;СБ,ВС;Кирпичная;Спутник;Tram
46;20.03.16 18:29;СБ,ВС;Кирпичная;Спутник;Tram
46;20.03.16 18:43;СБ,ВС;Кирпичная;Спутник;Tram
46;20.03.16 18:56;СБ,ВС;Кирпичная;Спутник;Tram
46;20.03.16 19:09;СБ,ВС;Кирпичная;Спутник;Tram
46;20.03.16 19:22;СБ,ВС;Кирпичная;Спутник;Tram
46;20.03.16 19:35;СБ,ВС;Кирпичная;Спутник;Tram
46;20.03.16 19:51;СБ,ВС;Кирпичная;Спутник;Tram
46;20.03.16 20:07;СБ,ВС;Кирпичная;Спутник;Tram
46;20.03.16 20:23;СБ,ВС;Кирпичная;Спутник;Tram
46;20.03.16 20:36;СБ,ВС;Кирпичная;Спутник;Tram
46;20.03.16 20:49;СБ,ВС;Кирпичная;Спутник;Tram
46;20.03.16 21:13;СБ,ВС;Кирпичная;Спутник;Tram
46;20.03.16 21:36;СБ,ВС;Кирпичная;Спутник;Tram
46;20.03.16 21:59;СБ,ВС;Кирпичная;Спутник;Tram
46;20.03.16 22:03;СБ,ВС;Кирпичная;Спутник;Tram
46;20.03.16 22:30;СБ,ВС;Кирпичная;Спутник;Tram
46;20.03.16 22:45;СБ,ВС;Кирпичная;Спутник;Tram
46;20.03.16 23:06;СБ,ВС;Кирпичная;Спутник;Tram
46;20.03.16 23:31;СБ,ВС;Кирпичная;Спутник;Tram
32;20.03.16 5:40;ПН,ВТ,СР,ЧТ,ПТ;Спутник;Кирпичная;Tram
32;20.03.16 5:51;ПН,ВТ,СР,ЧТ,ПТ;Спутник;Кирпичная;Tram
32;20.03.16 6:02;ПН,ВТ,СР,ЧТ,ПТ;Спутник;Кирпичная;Tram
32;20.03.16 6:12;ПН,ВТ,СР,ЧТ,ПТ;Спутник;Кирпичная;Tram
32;20.03.16 6:23;ПН,ВТ,СР,ЧТ,ПТ;Спутник;Кирпичная;Tram
32;20.03.16 6:34;ПН,ВТ,СР,ЧТ,ПТ;Спутник;Кирпичная;Tram
32;20.03.16 6:45;ПН,ВТ,СР,ЧТ,ПТ;Спутник;Кирпичная;Tram
32;20.03.16 6:54;ПН,ВТ,СР,ЧТ,ПТ;Спутник;Кирпичная;Tram
32;20.03.16 7:04;ПН,ВТ,СР,ЧТ,ПТ;Спутник;Кирпичная;Tram
32;20.03.16 7:15;ПН,ВТ,СР,ЧТ,ПТ;Спутник;Кирпичная;Tram
32;20.03.16 7:27;ПН,ВТ,СР,ЧТ,ПТ;Спутник;Кирпичная;Tram
32;20.03.16 7:39;ПН,ВТ,СР,ЧТ,ПТ;Спутник;Кирпичная;Tram
32;20.03.16 7:51;ПН,ВТ,СР,ЧТ,ПТ;Спутник;Кирпичная;Tram
32;20.03.16 8:03;ПН,ВТ,СР,ЧТ,ПТ;Спутник;Кирпичная;Tram
32;20.03.16 8:15;ПН,ВТ,СР,ЧТ,ПТ;Спутник;Кирпичная;Tram
32;20.03.16 8:27;ПН,ВТ,СР,ЧТ,ПТ;Спутник;Кирпичная;Tram
32;20.03.16 8:39;ПН,ВТ,СР,ЧТ,ПТ;Спутник;Кирпичная;Tram
32;20.03.16 8:51;ПН,ВТ,СР,ЧТ,ПТ;Спутник;Кирпичная;Tram
32;20.03.16 9:05;ПН,ВТ,СР,ЧТ,ПТ;Спутник;Кирпичная;Tram
32;20.03.16 9:20;ПН,ВТ,СР,ЧТ,ПТ;Спутник;Кирпичная;Tram
32;20.03.16 9:35;ПН,ВТ,СР,ЧТ,ПТ;Спутник;Кирпичная;Tram
32;20.03.16 9:50;ПН,ВТ,СР,ЧТ,ПТ;Спутник;Кирпичная;Tram
32;20.03.16 10:05;ПН,ВТ,СР,ЧТ,ПТ;Спутник;Кирпичная;Tram
32;20.03.16 10:16;ПН,ВТ,СР,ЧТ,ПТ;Спутник;Кирпичная;Tram
32;20.03.16 10:27;ПН,ВТ,СР,ЧТ,ПТ;Спутник;Кирпичная;Tram
32;20.03.16 10:39;ПН,ВТ,СР,ЧТ,ПТ;Спутник;Кирпичная;Tram
32;20.03.16 10:50;ПН,ВТ,СР,ЧТ,ПТ;Спутник;Кирпичная;Tram
32;20.03.16 11:01;ПН,ВТ,СР,ЧТ,ПТ;Спутник;Кирпичная;Tram
32;20.03.16 11:13;ПН,ВТ,СР,ЧТ,ПТ;Спутник;Кирпичная;Tram
32;20.03.16 11:25;ПН,ВТ,СР,ЧТ,ПТ;Спутник;Кирпичная;Tram
32;20.03.16 11:36;ПН,ВТ,СР,ЧТ,ПТ;Спутник;Кирпичная;Tram
32;20.03.16 11:47;ПН,ВТ,СР,ЧТ,ПТ;Спутник;Кирпичная;Tram
32;20.03.16 11:59;ПН,ВТ,СР,ЧТ,ПТ;Спутник;Кирпичная;Tram
32;20.03.16 12:10;ПН,ВТ,СР,ЧТ,ПТ;Спутник;Кирпичная;Tram
32;20.03.16 12:21;ПН,ВТ,СР,ЧТ,ПТ;Спутник;Кирпичная;Tram
32;20.03.16 12:33;ПН,ВТ,СР,ЧТ,ПТ;Спутник;Кирпичная;Tram
32;20.03.16 12:45;ПН,ВТ,СР,ЧТ,ПТ;Спутник;Кирпичная;Tram
32;20.03.16 12:56;ПН,ВТ,СР,ЧТ,ПТ;Спутник;Кирпичная;Tram
32;20.03.16 13:07;ПН,ВТ,СР,ЧТ,ПТ;Спутник;Кирпичная;Tram
32;20.03.16 13:19;ПН,ВТ,СР,ЧТ,ПТ;Спутник;Кирпичная;Tram
32;20.03.16 13:30;ПН,ВТ,СР,ЧТ,ПТ;Спутник;Кирпичная;Tram
32;20.03.16 13:41;ПН,ВТ,СР,ЧТ,ПТ;Спутник;Кирпичная;Tram
32;20.03.16 13:53;ПН,ВТ,СР,ЧТ,ПТ;Спутник;Кирпичная;Tram
32;20.03.16 14:05;ПН,ВТ,СР,ЧТ,ПТ;Спутник;Кирпичная;Tram
32;20.03.16 14:16;ПН,ВТ,СР,ЧТ,ПТ;Спутник;Кирпичная;Tram
32;20.03.16 14:27;ПН,ВТ,СР,ЧТ,ПТ;Спутник;Кирпичная;Tram
32;20.03.16 14:39;ПН,ВТ,СР,ЧТ,ПТ;Спутник;Кирпичная;Tram
32;20.03.16 14:50;ПН,ВТ,СР,ЧТ,ПТ;Спутник;Кирпичная;Tram
32;20.03.16 15:01;ПН,ВТ,СР,ЧТ,ПТ;Спутник;Кирпичная;Tram
32;20.03.16 15:14;ПН,ВТ,СР,ЧТ,ПТ;Спутник;Кирпичная;Tram
32;20.03.16 15:26;ПН,ВТ,СР,ЧТ,ПТ;Спутник;Кирпичная;Tram
32;20.03.16 15:38;ПН,ВТ,СР,ЧТ,ПТ;Спутник;Кирпичная;Tram
32;20.03.16 15:51;ПН,ВТ,СР,ЧТ,ПТ;Спутник;Кирпичная;Tram
32;20.03.16 16:04;ПН,ВТ,СР,ЧТ,ПТ;Спутник;Кирпичная;Tram
32;20.03.16 16:19;ПН,ВТ,СР,ЧТ,ПТ;Спутник;Кирпичная;Tram
32;20.03.16 16:34;ПН,ВТ,СР,ЧТ,ПТ;Спутник;Кирпичная;Tram
32;20.03.16 16:49;ПН,ВТ,СР,ЧТ,ПТ;Спутник;Кирпичная;Tram
32;20.03.16 17:04;ПН,ВТ,СР,ЧТ,ПТ;Спутник;Кирпичная;Tram
32;20.03.16 17:16;ПН,ВТ,СР,ЧТ,ПТ;Спутник;Кирпичная;Tram
32;20.03.16 17:28;ПН,ВТ,СР,ЧТ,ПТ;Спутник;Кирпичная;Tram
32;20.03.16 17:40;ПН,ВТ,СР,ЧТ,ПТ;Спутник;Кирпичная;Tram
32;20.03.16 17:52;ПН,ВТ,СР,ЧТ,ПТ;Спутник;Кирпичная;Tram
32;20.03.16 18:03;ПН,ВТ,СР,ЧТ,ПТ;Спутник;Кирпичная;Tram
32;20.03.16 18:15;ПН,ВТ,СР,ЧТ,ПТ;Спутник;Кирпичная;Tram
32;20.03.16 18:27;ПН,ВТ,СР,ЧТ,ПТ;Спутник;Кирпичная;Tram
32;20.03.16 18:39;ПН,ВТ,СР,ЧТ,ПТ;Спутник;Кирпичная;Tram
32;20.03.16 18:51;ПН,ВТ,СР,ЧТ,ПТ;Спутник;Кирпичная;Tram
32;20.03.16 19:03;ПН,ВТ,СР,ЧТ,ПТ;Спутник;Кирпичная;Tram
32;20.03.16 19:14;ПН,ВТ,СР,ЧТ,ПТ;Спутник;Кирпичная;Tram
32;20.03.16 19:26;ПН,ВТ,СР,ЧТ,ПТ;Спутник;Кирпичная;Tram
32;20.03.16 19:40;ПН,ВТ,СР,ЧТ,ПТ;Спутник;Кирпичная;Tram
32;20.03.16 19:59;ПН,ВТ,СР,ЧТ,ПТ;Спутник;Кирпичная;Tram
32;20.03.16 20:18;ПН,ВТ,СР,ЧТ,ПТ;Спутник;Кирпичная;Tram
32;20.03.16 20:37;ПН,ВТ,СР,ЧТ,ПТ;Спутник;Кирпичная;Tram
32;20.03.16 20:55;ПН,ВТ,СР,ЧТ,ПТ;Спутник;Кирпичная;Tram
32;20.03.16 21:11;ПН,ВТ,СР,ЧТ,ПТ;Спутник;Кирпичная;Tram
32;20.03.16 5:38;СБ,ВС;Спутник;Кирпичная;Tram
32;20.03.16 5:51;СБ,ВС;Спутник;Кирпичная;Tram
32;20.03.16 6:04;СБ,ВС;Спутник;Кирпичная;Tram
32;20.03.16 6:17;СБ,ВС;Спутник;Кирпичная;Tram
32;20.03.16 6:30;СБ,ВС;Спутник;Кирпичная;Tram
32;20.03.16 6:43;СБ,ВС;Спутник;Кирпичная;Tram
32;20.03.16 6:57;СБ,ВС;Спутник;Кирпичная;Tram
32;20.03.16 7:10;СБ,ВС;Спутник;Кирпичная;Tram
32;20.03.16 7:23;СБ,ВС;Спутник;Кирпичная;Tram
32;20.03.16 7:36;СБ,ВС;Спутник;Кирпичная;Tram
32;20.03.16 7:48;СБ,ВС;Спутник;Кирпичная;Tram
32;20.03.16 8:00;СБ,ВС;Спутник;Кирпичная;Tram
32;20.03.16 8:12;СБ,ВС;Спутник;Кирпичная;Tram
32;20.03.16 8:24;СБ,ВС;Спутник;Кирпичная;Tram
32;20.03.16 8:36;СБ,ВС;Спутник;Кирпичная;Tram
32;20.03.16 8:49;СБ,ВС;Спутник;Кирпичная;Tram
32;20.03.16 9:05;СБ,ВС;Спутник;Кирпичная;Tram
32;20.03.16 9:21;СБ,ВС;Спутник;Кирпичная;Tram
32;20.03.16 9:37;СБ,ВС;Спутник;Кирпичная;Tram
32;20.03.16 9:50;СБ,ВС;Спутник;Кирпичная;Tram
32;20.03.16 10:03;СБ,ВС;Спутник;Кирпичная;Tram
32;20.03.16 10:16;СБ,ВС;Спутник;Кирпичная;Tram
32;20.03.16 10:29;СБ,ВС;Спутник;Кирпичная;Tram
32;20.03.16 10:43;СБ,ВС;Спутник;Кирпичная;Tram
32;20.03.16 10:55;СБ,ВС;Спутник;Кирпичная;Tram
32;20.03.16 11:07;СБ,ВС;Спутник;Кирпичная;Tram
32;20.03.16 11:19;СБ,ВС;Спутник;Кирпичная;Tram
32;20.03.16 11:31;СБ,ВС;Спутник;Кирпичная;Tram
32;20.03.16 11:43;СБ,ВС;Спутник;Кирпичная;Tram
32;20.03.16 11:55;СБ,ВС;Спутник;Кирпичная;Tram
32;20.03.16 12:07;СБ,ВС;Спутник;Кирпичная;Tram
32;20.03.16 12:19;СБ,ВС;Спутник;Кирпичная;Tram
32;20.03.16 12:31;СБ,ВС;Спутник;Кирпичная;Tram
32;20.03.16 12:43;СБ,ВС;Спутник;Кирпичная;Tram
32;20.03.16 12:55;СБ,ВС;Спутник;Кирпичная;Tram
32;20.03.16 13:07;СБ,ВС;Спутник;Кирпичная;Tram
32;20.03.16 13:19;СБ,ВС;Спутник;Кирпичная;Tram
32;20.03.16 13:31;СБ,ВС;Спутник;Кирпичная;Tram
32;20.03.16 13:43;СБ,ВС;Спутник;Кирпичная;Tram
32;20.03.16 13:55;СБ,ВС;Спутник;Кирпичная;Tram
32;20.03.16 14:07;СБ,ВС;Спутник;Кирпичная;Tram
32;20.03.16 14:19;СБ,ВС;Спутник;Кирпичная;Tram
32;20.03.16 14:31;СБ,ВС;Спутник;Кирпичная;Tram
32;20.03.16 14:43;СБ,ВС;Спутник;Кирпичная;Tram
32;20.03.16 14:55;СБ,ВС;Спутник;Кирпичная;Tram
32;20.03.16 15:07;СБ,ВС;Спутник;Кирпичная;Tram
32;20.03.16 15:19;СБ,ВС;Спутник;Кирпичная;Tram
32;20.03.16 15:31;СБ,ВС;Спутник;Кирпичная;Tram
32;20.03.16 15:43;СБ,ВС;Спутник;Кирпичная;Tram
32;20.03.16 15:55;СБ,ВС;Спутник;Кирпичная;Tram
32;20.03.16 16:07;СБ,ВС;Спутник;Кирпичная;Tram
32;20.03.16 16:19;СБ,ВС;Спутник;Кирпичная;Tram
32;20.03.16 16:31;СБ,ВС;Спутник;Кирпичная;Tram
32;20.03.16 16:32;СБ,ВС;Спутник;Кирпичная;Tram
32;20.03.16 16:55;СБ,ВС;Спутник;Кирпичная;Tram
32;20.03.16 17:08;СБ,ВС;Спутник;Кирпичная;Tram
32;20.03.16 17:23;СБ,ВС;Спутник;Кирпичная;Tram
32;20.03.16 17:38;СБ,ВС;Спутник;Кирпичная;Tram
32;20.03.16 17:53;СБ,ВС;Спутник;Кирпичная;Tram
32;20.03.16 18:08;СБ,ВС;Спутник;Кирпичная;Tram
32;20.03.16 18:23;СБ,ВС;Спутник;Кирпичная;Tram
32;20.03.16 18:36;СБ,ВС;Спутник;Кирпичная;Tram
32;20.03.16 18:48;СБ,ВС;Спутник;Кирпичная;Tram
32;20.03.16 19:00;СБ,ВС;Спутник;Кирпичная;Tram
32;20.03.16 19:13;СБ,ВС;Спутник;Кирпичная;Tram
32;20.03.16 19:27;СБ,ВС;Спутник;Кирпичная;Tram
32;20.03.16 19:41;СБ,ВС;Спутник;Кирпичная;Tram
32;20.03.16 19:55;СБ,ВС;Спутник;Кирпичная;Tram
32;20.03.16 20:03;СБ,ВС;Спутник;Кирпичная;Tram
32;20.03.16 20:12;СБ,ВС;Спутник;Кирпичная;Tram
32;20.03.16 20:29;СБ,ВС;Спутник;Кирпичная;Tram
32;20.03.16 20:47;СБ,ВС;Спутник;Кирпичная;Tram
32;20.03.16 21:08;СБ,ВС;Спутник;Кирпичная;Tram
32;20.03.16 5:32;ПН,ВТ,СР,ЧТ,ПТ;Кирпичная;Спутник;Tram
32;20.03.16 5:49;ПН,ВТ,СР,ЧТ,ПТ;Кирпичная;Спутник;Tram
32;20.03.16 6:06;ПН,ВТ,СР,ЧТ,ПТ;Кирпичная;Спутник;Tram
32;20.03.16 6:17;ПН,ВТ,СР,ЧТ,ПТ;Кирпичная;Спутник;Tram
32;20.03.16 6:28;ПН,ВТ,СР,ЧТ,ПТ;Кирпичная;Спутник;Tram
32;20.03.16 6:38;ПН,ВТ,СР,ЧТ,ПТ;Кирпичная;Спутник;Tram
32;20.03.16 6:49;ПН,ВТ,СР,ЧТ,ПТ;Кирпичная;Спутник;Tram
32;20.03.16 7:00;ПН,ВТ,СР,ЧТ,ПТ;Кирпичная;Спутник;Tram
32;20.03.16 7:14;ПН,ВТ,СР,ЧТ,ПТ;Кирпичная;Спутник;Tram
32;20.03.16 7:26;ПН,ВТ,СР,ЧТ,ПТ;Кирпичная;Спутник;Tram
32;20.03.16 7:38;ПН,ВТ,СР,ЧТ,ПТ;Кирпичная;Спутник;Tram
32;20.03.16 7:49;ПН,ВТ,СР,ЧТ,ПТ;Кирпичная;Спутник;Tram
32;20.03.16 8:01;ПН,ВТ,СР,ЧТ,ПТ;Кирпичная;Спутник;Tram
32;20.03.16 8:13;ПН,ВТ,СР,ЧТ,ПТ;Кирпичная;Спутник;Tram
32;20.03.16 8:25;ПН,ВТ,СР,ЧТ,ПТ;Кирпичная;Спутник;Tram
32;20.03.16 8:37;ПН,ВТ,СР,ЧТ,ПТ;Кирпичная;Спутник;Tram
32;20.03.16 8:49;ПН,ВТ,СР,ЧТ,ПТ;Кирпичная;Спутник;Tram
32;20.03.16 9:01;ПН,ВТ,СР,ЧТ,ПТ;Кирпичная;Спутник;Tram
32;20.03.16 9:13;ПН,ВТ,СР,ЧТ,ПТ;Кирпичная;Спутник;Tram
32;20.03.16 9:25;ПН,ВТ,СР,ЧТ,ПТ;Кирпичная;Спутник;Tram
32;20.03.16 9:39;ПН,ВТ,СР,ЧТ,ПТ;Кирпичная;Спутник;Tram
32;20.03.16 9:54;ПН,ВТ,СР,ЧТ,ПТ;Кирпичная;Спутник;Tram
32;20.03.16 10:09;ПН,ВТ,СР,ЧТ,ПТ;Кирпичная;Спутник;Tram
32;20.03.16 10:24;ПН,ВТ,СР,ЧТ,ПТ;Кирпичная;Спутник;Tram
32;20.03.16 10:39;ПН,ВТ,СР,ЧТ,ПТ;Кирпичная;Спутник;Tram
32;20.03.16 10:50;ПН,ВТ,СР,ЧТ,ПТ;Кирпичная;Спутник;Tram
32;20.03.16 11:01;ПН,ВТ,СР,ЧТ,ПТ;Кирпичная;Спутник;Tram
32;20.03.16 11:13;ПН,ВТ,СР,ЧТ,ПТ;Кирпичная;Спутник;Tram
32;20.03.16 11:24;ПН,ВТ,СР,ЧТ,ПТ;Кирпичная;Спутник;Tram
32;20.03.16 11:35;ПН,ВТ,СР,ЧТ,ПТ;Кирпичная;Спутник;Tram
32;20.03.16 11:47;ПН,ВТ,СР,ЧТ,ПТ;Кирпичная;Спутник;Tram
32;20.03.16 11:59;ПН,ВТ,СР,ЧТ,ПТ;Кирпичная;Спутник;Tram
32;20.03.16 12:10;ПН,ВТ,СР,ЧТ,ПТ;Кирпичная;Спутник;Tram
32;20.03.16 12:21;ПН,ВТ,СР,ЧТ,ПТ;Кирпичная;Спутник;Tram
32;20.03.16 12:33;ПН,ВТ,СР,ЧТ,ПТ;Кирпичная;Спутник;Tram
32;20.03.16 12:44;ПН,ВТ,СР,ЧТ,ПТ;Кирпичная;Спутник;Tram
32;20.03.16 12:55;ПН,ВТ,СР,ЧТ,ПТ;Кирпичная;Спутник;Tram
32;20.03.16 13:07;ПН,ВТ,СР,ЧТ,ПТ;Кирпичная;Спутник;Tram
32;20.03.16 13:19;ПН,ВТ,СР,ЧТ,ПТ;Кирпичная;Спутник;Tram
32;20.03.16 13:30;ПН,ВТ,СР,ЧТ,ПТ;Кирпичная;Спутник;Tram
32;20.03.16 13:41;ПН,ВТ,СР,ЧТ,ПТ;Кирпичная;Спутник;Tram
32;20.03.16 13:53;ПН,ВТ,СР,ЧТ,ПТ;Кирпичная;Спутник;Tram
32;20.03.16 14:04;ПН,ВТ,СР,ЧТ,ПТ;Кирпичная;Спутник;Tram
32;20.03.16 14:15;ПН,ВТ,СР,ЧТ,ПТ;Кирпичная;Спутник;Tram
32;20.03.16 14:27;ПН,ВТ,СР,ЧТ,ПТ;Кирпичная;Спутник;Tram
32;20.03.16 14:39;ПН,ВТ,СР,ЧТ,ПТ;Кирпичная;Спутник;Tram
32;20.03.16 14:50;ПН,ВТ,СР,ЧТ,ПТ;Кирпичная;Спутник;Tram
32;20.03.16 15:01;ПН,ВТ,СР,ЧТ,ПТ;Кирпичная;Спутник;Tram
32;20.03.16 15:13;ПН,ВТ,СР,ЧТ,ПТ;Кирпичная;Спутник;Tram
32;20.03.16 15:24;ПН,ВТ,СР,ЧТ,ПТ;Кирпичная;Спутник;Tram
32;20.03.16 15:35;ПН,ВТ,СР,ЧТ,ПТ;Кирпичная;Спутник;Tram
32;20.03.16 15:48;ПН,ВТ,СР,ЧТ,ПТ;Кирпичная;Спутник;Tram
32;20.03.16 16:00;ПН,ВТ,СР,ЧТ,ПТ;Кирпичная;Спутник;Tram
32;20.03.16 16:12;ПН,ВТ,СР,ЧТ,ПТ;Кирпичная;Спутник;Tram
32;20.03.16 16:25;ПН,ВТ,СР,ЧТ,ПТ;Кирпичная;Спутник;Tram
32;20.03.16 16:38;ПН,ВТ,СР,ЧТ,ПТ;Кирпичная;Спутник;Tram
32;20.03.16 16:53;ПН,ВТ,СР,ЧТ,ПТ;Кирпичная;Спутник;Tram
32;20.03.16 17:08;ПН,ВТ,СР,ЧТ,ПТ;Кирпичная;Спутник;Tram
32;20.03.16 17:23;ПН,ВТ,СР,ЧТ,ПТ;Кирпичная;Спутник;Tram
32;20.03.16 17:38;ПН,ВТ,СР,ЧТ,ПТ;Кирпичная;Спутник;Tram
32;20.03.16 17:50;ПН,ВТ,СР,ЧТ,ПТ;Кирпичная;Спутник;Tram
32;20.03.16 18:02;ПН,ВТ,СР,ЧТ,ПТ;Кирпичная;Спутник;Tram
32;20.03.16 18:14;ПН,ВТ,СР,ЧТ,ПТ;Кирпичная;Спутник;Tram
32;20.03.16 18:26;ПН,ВТ,СР,ЧТ,ПТ;Кирпичная;Спутник;Tram
32;20.03.16 18:37;ПН,ВТ,СР,ЧТ,ПТ;Кирпичная;Спутник;Tram
32;20.03.16 18:49;ПН,ВТ,СР,ЧТ,ПТ;Кирпичная;Спутник;Tram
32;20.03.16 19:01;ПН,ВТ,СР,ЧТ,ПТ;Кирпичная;Спутник;Tram
32;20.03.16 19:13;ПН,ВТ,СР,ЧТ,ПТ;Кирпичная;Спутник;Tram
32;20.03.16 19:24;ПН,ВТ,СР,ЧТ,ПТ;Кирпичная;Спутник;Tram
32;20.03.16 19:35;ПН,ВТ,СР,ЧТ,ПТ;Кирпичная;Спутник;Tram
32;20.03.16 19:46;ПН,ВТ,СР,ЧТ,ПТ;Кирпичная;Спутник;Tram
32;20.03.16 19:58;ПН,ВТ,СР,ЧТ,ПТ;Кирпичная;Спутник;Tram
32;20.03.16 20:12;ПН,ВТ,СР,ЧТ,ПТ;Кирпичная;Спутник;Tram
32;20.03.16 20:31;ПН,ВТ,СР,ЧТ,ПТ;Кирпичная;Спутник;Tram
32;20.03.16 20:50;ПН,ВТ,СР,ЧТ,ПТ;Кирпичная;Спутник;Tram
32;20.03.16 21:07;ПН,ВТ,СР,ЧТ,ПТ;Кирпичная;Спутник;Tram
32;20.03.16 5:35;СБ,ВС;Кирпичная;Спутник;Tram
32;20.03.16 5:55;СБ,ВС;Кирпичная;Спутник;Tram
32;20.03.16 6:09;СБ,ВС;Кирпичная;Спутник;Tram
32;20.03.16 6:22;СБ,ВС;Кирпичная;Спутник;Tram
32;20.03.16 6:35;СБ,ВС;Кирпичная;Спутник;Tram
32;20.03.16 6:48;СБ,ВС;Кирпичная;Спутник;Tram
32;20.03.16 7:01;СБ,ВС;Кирпичная;Спутник;Tram
32;20.03.16 7:14;СБ,ВС;Кирпичная;Спутник;Tram
32;20.03.16 7:21;СБ,ВС;Кирпичная;Спутник;Tram
32;20.03.16 7:28;СБ,ВС;Кирпичная;Спутник;Tram
32;20.03.16 7:42;СБ,ВС;Кирпичная;Спутник;Tram
32;20.03.16 7:56;СБ,ВС;Кирпичная;Спутник;Tram
32;20.03.16 8:10;СБ,ВС;Кирпичная;Спутник;Tram
32;20.03.16 8:22;СБ,ВС;Кирпичная;Спутник;Tram
32;20.03.16 8:34;СБ,ВС;Кирпичная;Спутник;Tram
32;20.03.16 8:46;СБ,ВС;Кирпичная;Спутник;Tram
32;20.03.16 8:58;СБ,ВС;Кирпичная;Спутник;Tram
32;20.03.16 9:10;СБ,ВС;Кирпичная;Спутник;Tram
32;20.03.16 9:23;СБ,ВС;Кирпичная;Спутник;Tram
32;20.03.16 9:39;СБ,ВС;Кирпичная;Спутник;Tram
32;20.03.16 9:55;СБ,ВС;Кирпичная;Спутник;Tram
32;20.03.16 10:11;СБ,ВС;Кирпичная;Спутник;Tram
32;20.03.16 10:24;СБ,ВС;Кирпичная;Спутник;Tram
32;20.03.16 10:37;СБ,ВС;Кирпичная;Спутник;Tram
32;20.03.16 10:50;СБ,ВС;Кирпичная;Спутник;Tram
32;20.03.16 11:03;СБ,ВС;Кирпичная;Спутник;Tram
32;20.03.16 11:17;СБ,ВС;Кирпичная;Спутник;Tram
32;20.03.16 11:29;СБ,ВС;Кирпичная;Спутник;Tram
32;20.03.16 11:41;СБ,ВС;Кирпичная;Спутник;Tram
32;20.03.16 11:53;СБ,ВС;Кирпичная;Спутник;Tram
32;20.03.16 12:05;СБ,ВС;Кирпичная;Спутник;Tram
32;20.03.16 12:17;СБ,ВС;Кирпичная;Спутник;Tram
32;20.03.16 12:29;СБ,ВС;Кирпичная;Спутник;Tram
32;20.03.16 12:41;СБ,ВС;Кирпичная;Спутник;Tram
32;20.03.16 12:53;СБ,ВС;Кирпичная;Спутник;Tram
32;20.03.16 13:05;СБ,ВС;Кирпичная;Спутник;Tram
32;20.03.16 13:17;СБ,ВС;Кирпичная;Спутник;Tram
32;20.03.16 13:29;СБ,ВС;Кирпичная;Спутник;Tram
32;20.03.16 13:41;СБ,ВС;Кирпичная;Спутник;Tram
32;20.03.16 13:53;СБ,ВС;Кирпичная;Спутник;Tram
32;20.03.16 14:05;СБ,ВС;Кирпичная;Спутник;Tram
32;20.03.16 14:17;СБ,ВС;Кирпичная;Спутник;Tram
32;20.03.16 14:29;СБ,ВС;Кирпичная;Спутник;Tram
32;20.03.16 14:41;СБ,ВС;Кирпичная;Спутник;Tram
32;20.03.16 14:53;СБ,ВС;Кирпичная;Спутник;Tram
32;20.03.16 15:05;СБ,ВС;Кирпичная;Спутник;Tram
32;20.03.16 15:17;СБ,ВС;Кирпичная;Спутник;Tram
32;20.03.16 15:29;СБ,ВС;Кирпичная;Спутник;Tram
32;20.03.16 15:41;СБ,ВС;Кирпичная;Спутник;Tram
32;20.03.16 15:53;СБ,ВС;Кирпичная;Спутник;Tram
32;20.03.16 16:05;СБ,ВС;Кирпичная;Спутник;Tram
32;20.03.16 17:17;СБ,ВС;Кирпичная;Спутник;Tram
32;20.03.16 16:29;СБ,ВС;Кирпичная;Спутник;Tram
32;20.03.16 16:41;СБ,ВС;Кирпичная;Спутник;Tram
32;20.03.16 16:53;СБ,ВС;Кирпичная;Спутник;Tram
32;20.03.16 17:05;СБ,ВС;Кирпичная;Спутник;Tram
32;20.03.16 17:17;СБ,ВС;Кирпичная;Спутник;Tram
32;20.03.16 17:29;СБ,ВС;Кирпичная;Спутник;Tram
32;20.03.16 17:42;СБ,ВС;Кирпичная;Спутник;Tram
32;20.03.16 17:57;СБ,ВС;Кирпичная;Спутник;Tram
32;20.03.16 18:12;СБ,ВС;Кирпичная;Спутник;Tram
32;20.03.16 18:27;СБ,ВС;Кирпичная;Спутник;Tram
32;20.03.16 18:42;СБ,ВС;Кирпичная;Спутник;Tram
32;20.03.16 18:57;СБ,ВС;Кирпичная;Спутник;Tram
32;20.03.16 19:10;СБ,ВС;Кирпичная;Спутник;Tram
32;20.03.16 19:22;СБ,ВС;Кирпичная;Спутник;Tram
32;20.03.16 19:34;СБ,ВС;Кирпичная;Спутник;Tram
32;20.03.16 19:47;СБ,ВС;Кирпичная;Спутник;Tram
32;20.03.16 20:01;СБ,ВС;Кирпичная;Спутник;Tram
32;20.03.16 20:15;СБ,ВС;Кирпичная;Спутник;Tram
32;20.03.16 20:29;СБ,ВС;Кирпичная;Спутник;Tram
32;20.03.16 20:46;СБ,ВС;Кирпичная;Спутник;Tram
32;20.03.16 21:03;СБ,ВС;Кирпичная;Спутник;Tram
32;20.03.16 21:20;СБ,ВС;Кирпичная;Спутник;Tram
